uid,lon,lat,footprint_wkt,area_m2,damage_class,confidence,source,tile
1,36.8654860,37.3790733,"POLYGON ((36.86612080000003 37.37781380000007, 36.86556040000005 37.37764100000004, 36.86502520000005 37.37798660000004, 36.864147100000025 37.378511600000024, 36.86399335900006 37.37914289200006, 36.86391246100004 37.38051966000006, 36.864598700000045 37.38036580000005, 36.86698220000005 37.37974110000005, 36.86716620000004 37.37827240000007, 36.86612080000003 37.37781380000007))",63595.7,major-damage,1.0,emsr648,AOI17
1,36.8372166,37.3710513,"POLYGON ((36.83782606800003 37.370990135000056, 36.83772701700008 37.37082762000006, 36.83695568400003 37.371033357000044, 36.83694756700004 37.37103525500004, 36.83661151800004 37.371103050000045, 36.836693797000066 37.371273546000054, 36.83748849500006 37.37107125800003, 36.837490255000034 37.371070823000025, 36.83782606800003 37.370990135000056))",1985.9,no-damage,1.0,emsr648,AOI17
1,36.8373708,37.3713832,"POLYGON ((36.838009029000034 37.371290342000066, 36.83792611500007 37.37115429000005, 36.83755622700005 37.371243166000056, 36.836776386000054 37.37144167200006, 36.836865415000034 37.37162014200004, 36.83697660200005 37.37159147400007, 36.83757743000007 37.37141667700007, 36.838009029000034 37.371290342000066))",2075.4,no-damage,1.0,emsr648,AOI17
1,36.8375798,37.3717221,"POLYGON ((36.83822672200006 37.37164765400007, 36.838108282000064 37.37145323200008, 36.837654970000074 37.371585923000055, 36.83705193900005 37.37176136100004, 36.83704800700008 37.371762439000065, 36.83694186200006 37.37178980700003, 36.83702363500004 37.37199101500005, 36.83777125200004 37.371783847000074, 36.83783777200006 37.37176393100003, 36.83783878600008 37.37176362900004, 36.83822672200006 37.37164765400007))",2653.9,no-damage,1.0,emsr648,AOI17
1,36.8364903,37.3719964,"POLYGON ((36.83680979600007 37.37204892900007, 36.83672700300008 37.37184520900007, 36.836576810000054 37.37188393800005, 36.83656978600004 37.37188555100005, 36.83656264600006 37.37188679800005, 36.83608567500005 37.371957251000026, 36.836133887000074 37.37198317800005, 36.83614336900007 37.371988877000035, 36.83614412000003 37.37198938500006, 36.836233320000076 37.372050185000035, 36.836239643000056 37.372054838000054, 36.836303343000054 37.37210543800006, 36.83631018400007 37.37211138300006, 36.83631286800005 37.37211403600003, 36.83634001300004 37.37214193300008, 36.83680979600007 37.37204892900007))",1165.2,no-damage,1.0,emsr648,AOI17
1,36.8370893,37.3723188,"POLYGON ((36.836939253000025 37.37236414200004, 36.83761610000005 37.372203650000074, 36.83766544900004 37.37230589300003, 36.83796119900006 37.37224791400007, 36.83781426100006 37.37196268800005, 36.83699041500006 37.372190974000034, 36.83698881300006 37.37219142300006, 36.83689559700008 37.37221722700008, 36.836885782000024 37.37221955200005, 36.83645427400006 37.372304979000035, 36.83645501900003 37.37230941000007, 36.83645549200003 37.37231682300006, 36.83645969300005 37.372661023000035, 36.836459698000056 37.372661900000026, 36.83645959300003 37.37266579800007, 36.836457892000055 37.37269714300004, 36.836877781000055 37.37265993400007, 36.83685131400006 37.37256521300003, 36.83703202400005 37.37251486900004, 36.836939253000025 37.37236414200004))",3931.7,no-damage,1.0,emsr648,AOI17
1,36.8386840,37.3713643,"POLYGON ((36.83876079600003 37.37085341000005, 36.83831035000003 37.37013589500003, 36.83817197400003 37.370205922000025, 36.838040861000025 37.37000331100006, 36.83758320900006 37.37017949600005, 36.83788672500003 37.37067769300006, 36.83808712300004 37.371006488000035, 36.838266728000065 37.37130119600005, 36.838484030000075 37.37165789800008, 36.83915170500006 37.37275365800008, 36.83974811000007 37.37243910700005, 36.83946010400007 37.371975074000034, 36.839137925000045 37.37145412700005, 36.83876079600003 37.37085341000005))",18912.5,no-damage,1.0,emsr648,AOI17
1,36.8362258,37.3706747,"POLYGON ((36.835777912000026 37.37186858300004, 36.83578168100007 37.37186132100004, 36.835786228000075 37.371854349000046, 36.83579152000004 37.37184771900007, 36.83579751600007 37.371841483000026, 36.835804170000074 37.37183568800003, 36.835811431000025 37.37183037700004, 36.83581916000003 37.371825640000054, 36.83582737100005 37.37182145200006, 36.83587846100005 37.37179781000003, 36.83588728800004 37.37179413900003, 36.83589638700005 37.371791131000066, 36.835905780000076 37.371788768000044, 36.835915396000075 37.371787066000024, 36.835925160000045 37.371786040000075, 36.83593500000006 37.371785697000064, 36.83594284000003 37.37178591500003, 36.835987945000056 37.371788421000076, 36.836514356000066 37.37171066500008, 36.83665008300005 37.371675666000044, 36.83656085600006 37.371496800000045, 36.83598426900005 37.371650647000024, 36.83569764500004 37.371730814000045, 36.83548060800007 37.37184894100005, 36.83547344800007 37.37185253100006, 36.83546471200003 37.37185616100004, 36.83545561300008 37.37185916900006, 36.83544622000005 37.371861532000025, 36.83543660400005 37.371863234000045, 36.835426840000025 37.37186426000005, 36.835417000000064 37.37186460300006, 36.835407160000045 37.37186426000005, 36.835397396000076 37.371863234000045, 36.835387780000076 37.371861532000025, 36.83537838700005 37.37185916900006, 36.83536928800004 37.37185616100004, 36.835360552000054 37.37185253100006, 36.835352245000024 37.37184830800004, 36.83534443100007 37.37184352300005, 36.83533717000006 37.37183821200006, 36.835330516000056 37.371832417000064, 36.83532452000003 37.371826181000074, 36.83531922800006 37.371819551000044, 36.83531468100006 37.37181257900005, 36.83531091200007 37.37180531700005, 36.83530795000007 37.37179782000004, 36.83530581800005 37.37179014600008, 36.835304533000055 37.37178235300007, 36.835304103000055 37.37177450000007, 36.835304533000055 37.37176664700007, 36.83530581800005 37.37175885400006, 36.83530795000007 37.37175118000005, 36.83531091200007 37.371743683000034, 36.83531468100006 37.37173642100004, 36.83531922900005 37.37172944900004, 36.83532452000003 37.37172281900007, 36.835330516000056 37.37171658300008, 36.83533717000006 37.37171078800003, 36.83534443100007 37.371705477000035, 36.83535339300005 37.371700059000034, 36.83558269200006 37.37157526000004, 36.835589852000055 37.37157166900005, 36.83559858800004 37.37156803900007, 36.83560768700005 37.371565031000046, 36.83560896200004 37.371564668000076, 36.83591036200005 37.37148036800005, 36.835911904000056 37.37147994700007, 36.83647848700008 37.37132876900006, 36.83639102300003 37.37114753100008, 36.83583891100005 37.37125890500005, 36.83559118900007 37.37135898900004, 36.83557881300004 37.37136326900003, 36.83556942000007 37.37136563200005, 36.83555980400007 37.37136733400007, 36.835550040000044 37.371368360000076, 36.835540200000025 37.37136870300003, 36.83537880000006 37.37136870300003, 36.83536896000004 37.371368360000076, 36.83535919600007 37.37136733400007, 36.83534958000007 37.37136563200005, 36.83534018700004 37.37136326900003, 36.83533108800003 37.37136026100006, 36.83532235200005 37.371356631000026, 36.835314045000075 37.371352408000064, 36.83530623200005 37.37134762300008, 36.83529897000005 37.371342312000024, 36.83529231600005 37.37133651700003, 36.83528632100007 37.37133028100004, 36.83528102900004 37.37132365100007, 36.83527648100005 37.371316679000074, 36.83527271200006 37.37130941700008, 36.835269751000055 37.371301920000064, 36.835267619000035 37.37129424600005, 36.83526633300005 37.37128645300004, 36.83526590400004 37.37127860000004, 36.83526633400004 37.37127074700004, 36.835267619000035 37.37126295400003, 36.835269751000055 37.37125528000007, 36.83527271200006 37.37124778300006, 36.83527648100005 37.37124052100006, 36.83528102900004 37.37123354900007, 36.83528632100007 37.37122691900004, 36.83529231700004 37.37122068300005, 36.83529897000005 37.371214888000054, 36.83530623200005 37.37120957700006, 36.835314046000065 37.37120479200007, 36.83532235200005 37.37120056900005, 36.83533108800003 37.37119693900007, 36.83534018700004 37.37119393100005, 36.83534958000007 37.37119156800003, 36.83535919600007 37.371189866000066, 36.83536896000004 37.37118884000006, 36.83537880000006 37.37118849700005, 36.835513253000045 37.37118849700005, 36.83574811100004 37.37109361100005, 36.83576048700007 37.371089331000064, 36.83577143600007 37.37108664400006, 36.83630885200006 37.37097823500005, 36.836177501000066 37.370708824000076, 36.83601208700003 37.37050984900003, 36.835907579000036 37.37043641400004, 36.83575489700007 37.37037576400007, 36.835748753000075 37.370373131000065, 36.835740446000045 37.370368908000046, 36.83573263300008 37.37036412300006, 36.83572537100008 37.37035881200006, 36.83571871800007 37.37035301700007, 36.83571272200004 37.37034678100008, 36.83570743000007 37.37034015100005, 36.83570288300007 37.370333179000056, 36.83569911400008 37.37032591700006, 36.835696152000025 37.370318420000046, 36.83569402000006 37.37031074600003, 36.835692735000066 37.37030295300008, 36.835692305000066 37.37029510000008, 36.835692735000066 37.37028724700008, 36.83569402100005 37.37027945400007, 36.835696152000025 37.37027178000005, 36.83569911400008 37.37026428300004, 36.83570288300007 37.37025702100004, 36.83570743000007 37.37025004900005, 36.83571272200004 37.370243419000076, 36.83571871800007 37.37023718300003, 36.83572537200007 37.370231388000036, 36.83573263300008 37.37022607700004, 36.835740446000045 37.37022129200005, 36.835748753000075 37.370217069000034, 36.83575748900006 37.370213439000054, 36.83576658800007 37.37021043100003, 36.83577598100004 37.37020806800007, 36.83578559600005 37.37020636600005, 36.835795361000066 37.37020534000004, 36.83580520000004 37.37020499700003, 36.83581503900007 37.37020534000004, 36.835824804000026 37.37020636600005, 36.83583441900004 37.37020806800007, 36.835843812000064 37.37021043100003, 36.83585550300006 37.370214436000026, 36.836021403000075 37.370280336000064, 36.83602754700007 37.37028296900007, 36.836035854000045 37.370287192000035, 36.83604366700007 37.37029197700008, 36.836045702000035 37.37029337300004, 36.83617250200007 37.37038247300006, 36.836178672000074 37.37038714900007, 36.836184382000056 37.370392183000035, 36.83619197200005 37.37040028500007, 36.83637237200003 37.37061728500004, 36.83637607000003 37.370622049000076, 36.83638008600008 37.37062812400006, 36.836383511000065 37.37063442600004, 36.83652943900006 37.37093373500005, 36.836888130000034 37.370861373000025, 36.83762742700003 37.37066418100005, 36.83708267600008 37.36977001200006, 36.83698844600008 37.369631457000025, 36.83655798600006 37.36977597500004, 36.836471999000025 37.36964921600003, 36.83596687200003 37.36981284500007, 36.83611644900003 37.37006595300005, 36.835943033000035 37.37010978400008, 36.83581620000007 37.36985777600006, 36.835620394000046 37.36991380400008, 36.83565292500003 37.370081312000025, 36.83530534700003 37.370480308000026, 36.83550689200007 37.37055882100003, 36.83493480300007 37.37133442000004, 36.835309445000064 37.37163685200005, 36.83503384200003 37.371870252000065, 36.83526012900006 37.37205323100005, 36.83539574800005 37.37193746300005, 36.83550314900003 37.37192434100007, 36.83577153300007 37.371891547000075, 36.835772818000066 37.371883754000066, 36.83577495000003 37.37187608000005, 36.835777912000026 37.37186858300004))",26700.1,no-damage,1.0,emsr648,AOI17
1,36.8386468,37.3727127,"POLYGON ((36.838959224000064 37.37284982800003, 36.838697367000066 37.37242007800006, 36.83834908500006 37.372531983000044, 36.83857492300007 37.37301513500006, 36.838702313000056 37.37296964600006, 36.838959224000064 37.37284982800003))",1993.6,no-damage,1.0,emsr648,AOI17
1,36.8380160,37.3728859,"POLYGON ((36.83836839400004 37.373088876000054, 36.83811628700005 37.372549520000064, 36.83766309200007 37.37266372100004, 36.837660964000065 37.37266423900007, 36.83765442300006 37.37266577500003, 36.83793491500006 37.37323670200004, 36.838040729000056 37.37320585600003, 36.83836839400004 37.373088876000054))",2799.9,no-damage,1.0,emsr648,AOI17
1,36.8387918,37.3733276,"POLYGON ((36.83868910600006 37.373594344000026, 36.83926797000004 37.37338403600006, 36.839055716000075 37.37301354400006, 36.83881070600006 37.373127812000064, 36.83880010900003 37.373132145000056, 36.83855891500008 37.37321826600004, 36.83855730500005 37.37321884700003, 36.83825120900008 37.37332812600005, 36.83835521000003 37.37351670400005, 36.83856561300007 37.37347286200003, 36.83868910600006 37.373594344000026))",3046.7,no-damage,1.0,emsr648,AOI17
1,36.8374822,37.3749742,"POLYGON ((36.83785659800003 37.375216118000026, 36.83767839300003 37.37477671800008, 36.83760533100008 37.37459324800005, 36.837388995000026 37.374649540000064, 36.837464785000066 37.37487149000003, 36.837045362000026 37.37496216400007, 36.83713390500003 37.37520880000005, 36.837540131000026 37.37510893100006, 36.83759935100005 37.37523162200006, 36.83785659800003 37.375216118000026))",2576.5,no-damage,1.0,emsr648,AOI17
1,36.8547115,37.3754180,"POLYGON ((36.85515716000003 37.375728640000034, 36.85516700000005 37.37572829700008, 36.85517684000007 37.375728640000034, 36.85518660500003 37.37572966600004, 36.85519622100003 37.37573136800006, 36.855205615000045 37.375733731000025, 36.855214715000045 37.37573673900005, 36.85522345100003 37.37574036900003, 36.85523175800006 37.375744592000046, 36.85523957300006 37.375749377000034, 36.85524683400007 37.37575468800003, 36.85525348900006 37.37576048300008, 36.85525467300005 37.375761716000056, 36.85561970600003 37.37552570400004, 36.85573763200006 37.375319201000025, 36.85526949700005 37.374970921000056, 36.85473705000004 37.37530700900004, 36.85445454500007 37.374997861000054, 36.85422427900005 37.37478089000007, 36.85376064500008 37.37521282700004, 36.85451505100008 37.376065123000046, 36.85510325700005 37.37574403100007, 36.855110549000074 37.37574036900003, 36.85511928500006 37.37573673900005, 36.85512838500006 37.375733731000025, 36.855137779000074 37.37573136800006, 36.855147395000074 37.37572966600004, 36.85515716000003 37.375728640000034))",12312.2,no-damage,1.0,emsr648,AOI17
1,36.8522879,37.3755360,"POLYGON ((36.853032760000076 37.37542243300004, 36.85301593100007 37.37504923800003, 36.85232299000006 37.37508430300005, 36.85232330200006 37.37509000000006, 36.85232287200006 37.37509785300006, 36.85232158700006 37.375105646000065, 36.85231945500004 37.375113320000025, 36.852316493000046 37.37512081700004, 36.85231272400006 37.375128079000035, 36.852308176000065 37.37513505100003, 36.85230288400004 37.37514168100006, 36.85229688800007 37.37514791700005, 36.852290234000066 37.37515371200004, 36.85228297200007 37.37515902300004, 36.852275158000054 37.375163808000025, 36.852266851000024 37.375168031000044, 36.85225811400005 37.375171661000024, 36.85224901500004 37.375174669000046, 36.852239621000024 37.37517703200007, 36.852230005000024 37.37517873400003, 36.85222184400004 37.37517963800008, 36.85220582900007 37.37518094100005, 36.852191151000056 37.37547299900007, 36.85153116200007 37.375637092000034, 36.85150739100004 37.37585902600006, 36.85151329900003 37.37611845300006, 36.85180748100004 37.37602334200005, 36.85244099700003 37.37575090800004, 36.853032760000076 37.37542243300004))",7589.3,no-damage,1.0,emsr648,AOI17
1,36.8533138,37.3758189,"POLYGON ((36.85397283000003 37.37576487900003, 36.85359015300003 37.37533254500005, 36.85265647400007 37.37585081000003, 36.85305293600004 37.37631510600005, 36.85397283000003 37.37576487900003))",6130.8,no-damage,1.0,emsr648,AOI17
1,36.8384866,37.3754583,"POLYGON ((36.839744041000074 37.37587010900006, 36.83949622200004 37.37537816400004, 36.83893360600007 37.37426130500006, 36.838433388000055 37.37439597600007, 36.83842890000005 37.374397101000056, 36.83791337900004 37.37451704700004, 36.83782413500006 37.37454772900003, 36.837893407000024 37.37472168200003, 36.837968180000075 37.374906047000025, 36.83813859600008 37.37486950700003, 36.83819679100003 37.375027947000035, 36.83839593700003 37.37496005400004, 36.83855568600006 37.37532779900005, 36.83698452800007 37.37572826600007, 36.83714139600005 37.376196108000045, 36.837375149000025 37.37617177100003, 36.837435192000044 37.37626586400006, 36.83776831500006 37.37621473000007, 36.83792505800005 37.376374972000065, 36.839137048000055 37.37599654200005, 36.83921430700008 37.376124599000036, 36.83969696500003 37.375899471000025, 36.839744041000074 37.37587010900006))",28548.9,no-damage,1.0,emsr648,AOI17
1,36.8501681,37.3758715,"POLYGON ((36.85128190700004 37.37584832600004, 36.85134525900003 37.37525688200003, 36.85019371800007 37.37539992400008, 36.84940186600005 37.37549891400005, 36.84947868200004 37.375716976000035, 36.84881760800005 37.37584801700007, 36.848987400000055 37.37644126400005, 36.84898945600003 37.376447367000026, 36.85128871400008 37.37617374900003, 36.85128151600003 37.375857637000024, 36.85128149700006 37.375856000000056, 36.85128190700004 37.37584832600004))",19996.6,no-damage,1.0,emsr648,AOI17
1,36.8548000,37.3763544,"POLYGON ((36.85553904900007 37.37640041800006, 36.85513849600005 37.37594312500005, 36.85455074200007 37.376263969000036, 36.85454345200003 37.376267631000076, 36.85453471500006 37.376271261000056, 36.85452561500006 37.37627426900008, 36.85451622200003 37.37627663200004, 36.85450660600003 37.37627833400006, 36.854496840000024 37.37627936000007, 36.85448700000006 37.37627970300008, 36.854477160000044 37.37627936000007, 36.85446739400004 37.37627833400006, 36.85445777800004 37.37627663200004, 36.85444838500007 37.37627426900008, 36.85443928500007 37.376271261000056, 36.85443054800004 37.376267631000076, 36.854422241000066 37.37626340800006, 36.85441442700005 37.37625862300007, 36.854407165000055 37.376253312000074, 36.85440051100005 37.376247517000024, 36.85439478400008 37.37624158600005, 36.854183368000065 37.37600273600003, 36.85386166700005 37.37614357100006, 36.85416742100006 37.37642333600007, 36.854274830000065 37.376323945000024, 36.85479828100006 37.376828224000064, 36.85553904900007 37.37640041800006))",6509.6,no-damage,1.0,emsr648,AOI17
1,36.8583684,37.3765955,"POLYGON ((36.857796869000026 37.37697798100004, 36.858584681000025 37.37659285400008, 36.85871432300007 37.376762116000066, 36.858971892000056 37.37663563500007, 36.85858770400006 37.37620010100005, 36.85789301900007 37.376716058000056, 36.85788867300005 37.376719122000054, 36.857880289000036 37.37672422400004, 36.85767985800004 37.37683476300003, 36.857796869000026 37.37697798100004))",3426.0,no-damage,1.0,emsr648,AOI17
1,36.8515518,37.3768790,"POLYGON ((36.851813582000034 37.376734647000035, 36.85144324500004 37.37663495400005, 36.85131442200003 37.37706148900003, 36.85163798000008 37.37711062000005, 36.851813582000034 37.376734647000035))",1479.9,no-damage,1.0,emsr648,AOI17
1,36.8573703,37.3765753,"POLYGON ((36.85774517500005 37.376579691000074, 36.85845199600004 37.37605472100006, 36.85825230700004 37.37585708200004, 36.85789983900003 37.375984327000026, 36.85802947800005 37.37615358900007, 36.857659073000036 37.37630783000003, 36.85754131400006 37.37624608400006, 36.85731636600008 37.376350959000035, 36.85731667700003 37.37635134900006, 36.85732122600007 37.376358321000055, 36.857324995000056 37.37636558300005, 36.85732795700005 37.376373080000064, 36.857330088000026 37.376380754000024, 36.85733137400007 37.37638854700003, 36.85733180400007 37.37639640000003, 36.85733137400007 37.37640425300003, 36.85733008900007 37.37641204600004, 36.85732795700005 37.37641972000006, 36.857324995000056 37.37642721700007, 36.85732122600007 37.37643447900007, 36.857316678000075 37.37644145100006, 36.85731138500006 37.376448081000035, 36.85730538900003 37.376454317000025, 36.85729873500003 37.376460112000075, 36.85729147300003 37.376465422000024, 36.85728576100007 37.37646900400006, 36.85727977200003 37.376472285000034, 36.856311009000024 37.37696719100006, 36.856549296000026 37.37723922400005, 36.85774517500005 37.376579691000074))",7079.7,no-damage,1.0,emsr648,AOI17
1,36.8550606,37.3772987,"POLYGON ((36.85599277000006 37.37691841000003, 36.85586601800003 37.376773703000026, 36.85417414500006 37.37762829800005, 36.85431542200007 37.37779374300004, 36.85440810700004 37.37777085500005, 36.85599277000006 37.37691841000003))",3917.9,no-damage,1.0,emsr648,AOI17
1,36.8538056,37.3777089,"POLYGON ((36.85407405900003 37.37783109500003, 36.853807964000055 37.37751947700008, 36.85356604200007 37.377604656000074, 36.853744292000044 37.377869385000054, 36.85407405900003 37.37783109500003))",944.6,no-damage,1.0,emsr648,AOI17
1,36.8463758,37.3775449,"POLYGON ((36.84666210200004 37.377462894000075, 36.846602793000045 37.37722261500005, 36.84646961100003 37.377241911000056, 36.846435463000034 37.37717754400006, 36.84612475500006 37.37722494600007, 36.84628672100007 37.37802041300006, 36.84653640200003 37.37795456900005, 36.84647721400006 37.37749838000008, 36.84666210200004 37.377462894000075))",2677.2,no-damage,1.0,emsr648,AOI17
1,36.8553278,37.3776735,"POLYGON ((36.85625627100006 37.377219231000026, 36.85612216200008 37.377066128000024, 36.854520507000075 37.377927714000066, 36.85451385300007 37.37793103100006, 36.85450511600004 37.37793466100004, 36.85449601600004 37.37793766900006, 36.85449077700008 37.377939076000075, 36.85444843000005 37.37794953300005, 36.85467755600007 37.378217928000026, 36.85594622800005 37.37755641900003, 36.85587235400004 37.377408063000075, 36.85625627100006 37.377219231000026))",5660.9,no-damage,1.0,emsr648,AOI17
1,36.8589629,37.3777242,"POLYGON ((36.85987310100006 37.37749946100007, 36.85954505600006 37.37714269800006, 36.85807496700005 37.37793093700003, 36.85836095500008 37.37831660000006, 36.85987310100006 37.37749946100007))",7864.2,no-damage,1.0,emsr648,AOI17
1,36.8539102,37.3781869,"POLYGON ((36.854450936000035 37.378272534000075, 36.85421552200006 37.377996772000074, 36.853435672000046 37.378087322000056, 36.853525854000054 37.378375653000035, 36.854450936000035 37.378272534000075))",2518.6,no-damage,1.0,emsr648,AOI17
1,36.8612340,37.3773901,"POLYGON ((36.86130548400007 37.376381957000035, 36.86119720100004 37.376377035000075, 36.86100409000005 37.376428178000026, 36.85986758700005 37.37698136300003, 36.86121151000003 37.37845157100003, 36.86256582800007 37.377969216000054, 36.86187182900005 37.377155480000056, 36.86204258600003 37.37703457500004, 36.861404856000036 37.37638646800008, 36.86130548400007 37.376381957000035))",29413.3,no-damage,1.0,emsr648,AOI17
1,36.8527161,37.3783199,"POLYGON ((36.853300954000076 37.37840072500006, 36.853211087000034 37.37811339500007, 36.852159191000055 37.37823548800003, 36.85218579000008 37.378525051000054, 36.853300954000076 37.37840072500006))",3143.0,no-damage,1.0,emsr648,AOI17
1,36.8514166,37.3784874,"POLYGON ((36.85196166500003 37.378550036000036, 36.85194043300004 37.37831889500006, 36.851016515000026 37.378348095000035, 36.85091548100007 37.37875947900005, 36.851315071000045 37.37862516300004, 36.851320283000064 37.37862353100007, 36.851329677000024 37.37862116800005, 36.85133929400007 37.37861946600003, 36.85134328200007 37.378618964000054, 36.85196166500003 37.378550036000036))",2775.5,no-damage,1.0,emsr648,AOI17
1,36.8594987,37.3782644,"POLYGON ((36.86000006000006 37.37833654000008, 36.86000990000008 37.378336198000056, 36.86001974000004 37.37833654000008, 36.860029506000046 37.37833756600003, 36.860039122000046 37.37833926800005, 36.86004851600006 37.37834163100007, 36.86005761600006 37.378344639000034, 36.860066353000036 37.37834826900007, 36.860074661000056 37.37835249200003, 36.86008247500007 37.37835727700008, 36.86008973700007 37.37836258800007, 36.86009639200006 37.378368383000065, 36.86010238800003 37.378374619000056, 36.860107680000056 37.37838124900003, 36.86010952000004 37.378383893000034, 36.86011254700003 37.37838842100007, 36.86052905300005 37.378212819000055, 36.86000678900007 37.377644850000024, 36.858476164000024 37.37847197600007, 36.85877374700004 37.37887335100004, 36.85934814400008 37.378617664000046, 36.859349601000076 37.37861701000003, 36.85995344500003 37.37834826400007, 36.85995490500005 37.37834760900006, 36.85995976700008 37.378345644000035, 36.85996218400004 37.378344639000034, 36.85996255200007 37.37834451800006, 36.85996294500006 37.37834435900004, 36.85997128400004 37.37834163100007, 36.859980678000056 37.37833926800005, 36.859990294000056 37.37833756600003, 36.86000006000006 37.37833654000008))",10311.6,no-damage,1.0,emsr648,AOI17
1,36.8557881,37.3784789,"POLYGON ((36.85544979600007 37.37912155300006, 36.85693329900005 37.378326034000054, 36.856740960000025 37.37812127400008, 36.85604729600004 37.37834714300004, 36.85566305900005 37.377919329000065, 36.85480837100005 37.37836498000007, 36.855080919000045 37.37866004000006, 36.85575980700003 37.37829074900003, 36.85576694700006 37.37828716900003, 36.85577568400004 37.37828353900005, 36.855784784000036 37.37828053100003, 36.85579417800005 37.378278168000065, 36.85580379400005 37.378276466000045, 36.85581356000006 37.37827544000004, 36.85582340000008 37.378275098000074, 36.85583324000004 37.37827544000004, 36.85584300600004 37.378276466000045, 36.85585262200004 37.378278168000065, 36.85586201600006 37.37828053100003, 36.85587111600006 37.37828353900005, 36.85587985300003 37.37828716900003, 36.85588816100005 37.37829139200005, 36.85589597500007 37.37829617700004, 36.855903237000064 37.378301488000034, 36.85590989200006 37.37830728300003, 36.85591588800003 37.37831351900007, 36.85592118000005 37.37832014900005, 36.855925728000045 37.37832712100004, 36.85592949800008 37.37833438300004, 36.85593245900003 37.37834188000005, 36.85593459100005 37.37834955400007, 36.855935877000036 37.378357347000076, 36.855936307000036 37.378365200000076, 36.855935877000036 37.378373053000075, 36.85593459100005 37.37838084600003, 36.855932460000076 37.378388520000044, 36.85592949800008 37.37839601700006, 36.855925728000045 37.378403279000054, 36.85592118000005 37.37841025100005, 36.85591588800003 37.37841688100008, 36.85590989200006 37.37842311700007, 36.855903237000064 37.37842891200006, 36.85589597500007 37.37843422200007, 36.85588699400006 37.378439651000065, 36.85520748400006 37.37880928000004, 36.85544979600007 37.37912155300006))",9811.9,no-damage,1.0,emsr648,AOI17
1,36.8440222,37.3779859,"POLYGON ((36.84267532900003 37.37725040000004, 36.84194827700003 37.37742975800006, 36.84280796200005 37.37887285800008, 36.84418192500004 37.37894287600005, 36.84361054100003 37.37794690700008, 36.84360710300007 37.37794021700006, 36.84360414100007 37.37793272000005, 36.84360200900005 37.37792504600003, 36.843600724000055 37.37791725300008, 36.843600294000055 37.37790940000008, 36.843600724000055 37.37790154700008, 36.84360200900005 37.37789375400007, 36.84360414100007 37.37788608000005, 36.84360710300007 37.37787858300004, 36.843610872000056 37.37787132100004, 36.84361542100004 37.37786434900005, 36.843620713000064 37.377857719000076, 36.843626709000034 37.37785148300003, 36.84363336300004 37.377845688000036, 36.843640625000035 37.37784037700004, 36.84364844000004 37.377835592000054, 36.84365674700007 37.377831369000035, 36.84366548400004 37.377827739000054, 36.84367458400004 37.37782473100003, 36.84368397800006 37.37782236800007, 36.84369359400006 37.37782066600005, 36.84370336000006 37.37781964000004, 36.843713200000025 37.37781929800008, 36.84372304000004 37.37781964000004, 36.84373280600005 37.37782066600005, 36.84374242200005 37.37782236800007, 36.843751816000065 37.37782473100003, 36.843760916000065 37.377827739000054, 36.84376965300004 37.377831369000035, 36.84377796000007 37.377835592000054, 36.84378577500007 37.37784037700004, 36.84379303700007 37.377845688000036, 36.84379969100007 37.37785148300003, 36.84380568700004 37.377857719000076, 36.84381097900007 37.37786434900005, 36.843815859000074 37.377871893000076, 36.844437748000075 37.37895589100003, 36.84456585000004 37.37896237800004, 36.84457463700005 37.37896310000008, 36.84475378600007 37.37898348300007, 36.844517643000074 37.37745522700004, 36.84451679500006 37.37744420000007, 36.84451722400007 37.37743634700007, 36.84451851000006 37.37742855400006, 36.84452064200008 37.377420880000045, 36.844523604000074 37.37741338300003, 36.84452737300006 37.377406121000035, 36.844531921000055 37.37739914900004, 36.844537213000024 37.37739251900007, 36.84454321000004 37.37738628300008, 36.844549864000044 37.37738048800003, 36.84455712600004 37.37737517700003, 36.844564940000055 37.377370392000046, 36.84457324700003 37.37736616900003, 36.84458198400006 37.377362539000046, 36.84459108400006 37.377359531000025, 36.844600478000075 37.37735716800006, 36.844610094000075 37.37735546600004, 36.84461986000008 37.37735444000003, 36.84462970000004 37.37735409800007, 36.84463954000006 37.37735444000003, 36.844649306000065 37.37735546600004, 36.844658922000065 37.37735716800006, 36.844668316000025 37.377359531000025, 36.844677416000025 37.377362539000046, 36.844686153000055 37.37736616900003, 36.84469446000003 37.377370392000046, 36.84470227400004 37.37737517700003, 36.84470953600004 37.37738048800003, 36.84471619000004 37.37738628300008, 36.84472218700006 37.37739251900007, 36.84472747900003 37.37739914900004, 36.84473202700008 37.377406121000035, 36.844735796000066 37.37741338300003, 36.84473875800006 37.377420880000045, 36.844740890000026 37.37742855400006, 36.844741757000065 37.37743317300004, 36.84498537600007 37.37900978300007, 36.845042858000056 37.37901629100003, 36.84504660600004 37.37901676600006, 36.84505622300003 37.37901846800003, 36.845065617000046 37.37902083100005, 36.845074717000045 37.37902383900007, 36.845083454000076 37.37902746900005, 36.84508558700003 37.37902847700008, 36.845318501000065 37.37914130000007, 36.845238649000066 37.37843438900006, 36.84523819300006 37.37842630000006, 36.84523862300006 37.37841844700006, 36.84523990900004 37.37841065400005, 36.84524204000007 37.37840298000003, 36.84524500200007 37.37839548300008, 36.84524877200005 37.37838822100008, 36.84525332000004 37.37838124900003, 36.84525391100004 37.37838044100005, 36.84531311100005 37.378300541000044, 36.845318150000026 37.37829433700006, 36.845323809000035 37.37828848300006, 36.84533046300004 37.37828268800007, 36.845337725000036 37.378277377000074, 36.84534553900005 37.37827259200003, 36.84535384700007 37.37826836900007, 36.84536258400004 37.37826473900003, 36.84537168400004 37.378261731000066, 36.845374883000034 37.37826084500006, 36.84604396800006 37.37808444900003, 36.84606960800005 37.37807768300007, 36.84588450500007 37.37716854700005, 36.84588425700008 37.377167351000026, 36.84588358700006 37.37716295000007, 36.84588335600006 37.37716150600005, 36.844399888000055 37.377275144000066, 36.84267532900003 37.37725040000004))",48636.4,no-damage,1.0,emsr648,AOI17
1,36.8541518,37.3788136,"POLYGON ((36.85489416100006 37.37876156200008, 36.854595618000076 37.378438360000075, 36.85357423200003 37.37855221500007, 36.85376569300007 37.37934622500006, 36.85384870400003 37.37932953200004, 36.85489416100006 37.37876156200008))",6890.1,no-damage,1.0,emsr648,AOI17
1,36.8466146,37.3787477,"POLYGON ((36.846593503000065 37.37839467600003, 36.84656021100005 37.37813807900005, 36.84623193600004 37.37822465000005, 36.84620677200007 37.37823129000003, 36.84640581800005 37.37917791600006, 36.84651428600006 37.379349501000036, 36.84671193600008 37.37924031600005, 36.84671665500008 37.37923784600008, 36.847058340000046 37.379068595000035, 36.84689641600005 37.37841233800003, 36.846593503000065 37.37839467600003))",6064.3,no-damage,1.0,emsr648,AOI17
1,36.8438835,37.3792818,"POLYGON ((36.84435602700006 37.37913232000005, 36.842918902000065 37.37905908300007, 36.84319171100003 37.37951702100003, 36.84425627600007 37.37946464800007, 36.845086328000036 37.379281459000026, 36.84513425800003 37.37926285800006, 36.84498821100004 37.379192113000045, 36.844868003000045 37.37917850500003, 36.84454713900004 37.37914199800008, 36.84435602700006 37.37913232000005))",6420.8,no-damage,1.0,emsr648,AOI17
1,36.8569012,37.3788162,"POLYGON ((36.85817242300004 37.37841620100005, 36.85788722800004 37.378031606000036, 36.855579609000074 37.37926905300003, 36.85589575600005 37.37958895000003, 36.85817242300004 37.37841620100005))",11499.2,no-damage,1.0,emsr648,AOI17
1,36.8600264,37.3790867,"POLYGON ((36.86010920000007 37.37876629500005, 36.859964424000054 37.37854970800004, 36.85955195400004 37.37873328500007, 36.86007260300005 37.37960828000007, 36.86050251300003 37.37947970300007, 36.86034433700007 37.37919591800005, 36.86034403000008 37.379195364000054, 36.86010920000007 37.37876629500005))",4631.9,no-damage,1.0,emsr648,AOI17
1,36.8528718,37.3790746,"POLYGON ((36.85354636500006 37.37939031500008, 36.85335029500004 37.37857717900005, 36.85221380400003 37.37870388300007, 36.85241852200005 37.37961693700004, 36.85354636500006 37.37939031500008))",9954.1,no-damage,1.0,emsr648,AOI17
1,36.8458442,37.3789888,"POLYGON ((36.84618594900007 37.37922121100007, 36.84598983300003 37.37828850500006, 36.84548593300008 37.37842135200003, 36.84546682000007 37.37844714800008, 36.84554635200004 37.37915121000003, 36.84554680800005 37.379159300000026, 36.84554637800005 37.379167153000026, 36.845545093000055 37.379174946000035, 36.845542961000035 37.37918262000005, 36.84553999900004 37.379190117000064, 36.84553667800003 37.37919660100005, 36.84549678900004 37.37926659500005, 36.84567126500008 37.379506639000056, 36.845961215000045 37.37965512000005, 36.846326834000024 37.37945306900008, 36.846196493000036 37.379246882000075, 36.84619120100007 37.37923711700006, 36.84618823900007 37.37922962000005, 36.84618610700005 37.37922194600003, 36.84618594900007 37.37922121100007))",7346.4,no-damage,1.0,emsr648,AOI17
1,36.8594055,37.3793170,"POLYGON ((36.85986039900007 37.37967177000007, 36.85935431900003 37.37882125500005, 36.85895498700006 37.37899901800006, 36.85945330900006 37.37979358800004, 36.859510370000066 37.37977653000007, 36.85951138200005 37.37977622900007, 36.85986039900007 37.37967177000007))",3999.9,no-damage,1.0,emsr648,AOI17
1,36.8514085,37.3793168,"POLYGON ((36.85219722100004 37.379653071000064, 36.85198999700003 37.378728832000036, 36.851389131000076 37.378795807000074, 36.85085712100005 37.37897463500008, 36.85055663000003 37.379790799000034, 36.85055577700007 37.37979301000007, 36.850536369000054 37.37984112000004, 36.85056834400007 37.37985579000008, 36.85219722100004 37.379653071000064))",12669.4,no-damage,1.0,emsr648,AOI17
1,36.8402662,37.3770043,"POLYGON ((36.840889583000035 37.37781453300005, 36.84174277200003 37.377504497000075, 36.84157681000005 37.37722589900005, 36.84088163600006 37.377517702000034, 36.84055196600008 37.37692748500007, 36.84092270300005 37.37681503300007, 36.84074509000004 37.376444581000044, 36.841039468000076 37.37633759300007, 36.840822778000074 37.37598667900005, 36.84016982400004 37.37631782900007, 36.839937434000035 37.37597819800004, 36.839830025000026 37.37604519200005, 36.83982389200003 37.37604876000006, 36.83981747100006 37.376051990000065, 36.83931258000007 37.37628748800006, 36.83957343600008 37.37671985900005, 36.839737297000056 37.37694460900008, 36.83932671600007 37.37790176000004, 36.839556551000044 37.37794087900005, 36.83956685900006 37.37794304500005, 36.83984990000005 37.37801405000005, 36.84010856400005 37.37754274200006, 36.840889583000035 37.37781453300005))",23382.6,no-damage,1.0,emsr648,AOI17
1,36.8574261,37.3792085,"POLYGON ((36.85857217900008 37.37895537300005, 36.85828750400003 37.37857140700004, 36.85602032500003 37.37973926900003, 36.856128915000056 37.37989691100006, 36.85668075900003 37.379669156000034, 36.856812286000036 37.37961494500007, 36.856816098000024 37.379613446000064, 36.857265908000045 37.37944484800005, 36.857266183000036 37.379444739000064, 36.857890714000064 37.37921074600007, 36.85789098300006 37.379210639000064, 36.85857217900008 37.37895537300005))",8083.9,no-damage,1.0,emsr648,AOI17
1,36.8493270,37.3781965,"POLYGON ((36.84821563200006 37.379788258000076, 36.84947306500004 37.37925822900007, 36.84948077000007 37.37925527300007, 36.850664503000075 37.37884444200006, 36.85091076400005 37.37784174800004, 36.851046480000036 37.37718063300008, 36.85104671000005 37.377179554000065, 36.85104813800007 37.37717408700007, 36.85125263600003 37.37649700000003, 36.85129305000004 37.37636302400006, 36.85129287600006 37.37635545100005, 36.84904847700005 37.376622541000074, 36.849173319000045 37.376993076000076, 36.84882835500008 37.37704044900005, 36.84891298400004 37.377477156000054, 36.84862723500004 37.37754349000005, 36.84869559500004 37.37776529800004, 36.848305492000065 37.37782377100007, 36.84837654900008 37.37821254100004, 36.84815288200008 37.378458840000064, 36.84823638000006 37.37886841900007, 36.848244659000045 37.378867540000044, 36.84825450000005 37.37886719800008, 36.84826434100006 37.378867540000044, 36.848274106000076 37.37886856600005, 36.848283723000065 37.37887026800007, 36.848293117000026 37.378872631000036, 36.848302217000025 37.37887563900006, 36.848310954000056 37.37887926900004, 36.84831926100003 37.37888349200006, 36.84832707600003 37.378888277000044, 36.84833433800003 37.37889358800004, 36.84834099200003 37.37889938300003, 36.84834698800006 37.37890561900008, 36.848352281000075 37.37891224900005, 36.84835682900007 37.37891922100005, 36.848360598000056 37.37892648300004, 36.84836356000005 37.378933980000056, 36.84836569200007 37.37894165400007, 36.84836697800006 37.378949447000025, 36.84836740800006 37.378957300000025, 36.84836697800006 37.378965153000024, 36.84836569200007 37.37897294600003, 36.84836356000005 37.37898062000005, 36.848360598000056 37.37898811700006, 36.84835682900007 37.37899537900006, 36.848352281000075 37.379002351000054, 36.84834698900005 37.37900898100003, 36.84834099200003 37.379015217000074, 36.84833433800003 37.37902101200007, 36.84832707600003 37.37902632200007, 36.84831926100003 37.37903110800005, 36.848310954000056 37.37903533100007, 36.848302217000025 37.37903896100005, 36.848293117000026 37.37904196900007, 36.84828399500003 37.37904427400008, 36.84827466100006 37.37904595400005, 36.84722549500003 37.37919789400007, 36.84683814400006 37.37938976600003, 36.84653666200006 37.379556308000076, 36.84653617300006 37.37955657900005, 36.84617831400004 37.37975434200007, 36.84663096400004 37.379951697000024, 36.84700159500005 37.37950867100005, 36.847009007000054 37.379500783000026, 36.84701566200005 37.37949498800003, 36.84702292400004 37.37948967700004, 36.84703073800006 37.37948489200005, 36.84703904600008 37.37948066900003, 36.84704778300005 37.37947703900005, 36.84705688300005 37.37947403100003, 36.84706627700007 37.379471668000065, 36.84707589400006 37.379469966000045, 36.84708565900007 37.37946894000004, 36.84709550000008 37.379468598000074, 36.84710534100003 37.37946894000004, 36.84711510600005 37.379469966000045, 36.847124723000036 37.379471668000065, 36.84713411700005 37.37947403100003, 36.84714321700005 37.37947703900005, 36.847151954000026 37.37948066900003, 36.847160262000045 37.37948489200005, 36.84716807600006 37.37948967700004, 36.847175338000056 37.37949498800003, 36.84718199300005 37.379500783000026, 36.847187989000076 37.37950701900007, 36.847193282000035 37.379513649000046, 36.84719783000003 37.37952062100004, 36.84720159900007 37.37952788300004, 36.84720456100007 37.37953538000005, 36.84720669300003 37.37954305400007, 36.847207979000075 37.379550847000075, 36.847208409000075 37.379558700000075, 36.847207979000075 37.379566553000075, 36.84720669300003 37.37957434600003, 36.84720456100007 37.37958202000004, 36.84720159900007 37.379589517000056, 36.84719783000003 37.37959677900005, 36.847193282000035 37.37960375100005, 36.84718940500005 37.37960872800005, 36.84682991500006 37.38003843700005, 36.84684887800006 37.38004670400005, 36.84782536800003 37.379936616000066, 36.84821563200006 37.379788258000076))",75669.8,no-damage,1.0,emsr648,AOI17
1,36.8586654,37.3795821,"POLYGON ((36.859240671000066 37.379857181000034, 36.85875660900007 37.37908534500008, 36.85809272700004 37.379334123000035, 36.85856167600008 37.380060307000065, 36.859240671000066 37.379857181000034))",6002.3,no-damage,1.0,emsr648,AOI17
1,36.8602001,37.3798646,"POLYGON ((36.86072481600007 37.37980406400004, 36.86060512700004 37.37964145900003, 36.86005473700004 37.37980606800005, 36.860053718000074 37.37980637100003, 36.859696764000034 37.379913206000026, 36.85978499500004 37.38009369800005, 36.86072481600007 37.37980406400004))",1845.5,no-damage,1.0,emsr648,AOI17
1,36.8579059,37.3798385,"POLYGON ((36.85834876000007 37.38012399000007, 36.85788818300006 37.379410767000024, 36.85746817900008 37.37956813400007, 36.85791375000008 37.38025416600004, 36.858341266000025 37.38012623100008, 36.858342282000024 37.38012592900003, 36.85834876000007 37.38012399000007))",3580.6,no-damage,1.0,emsr648,AOI17
1,36.8628056,37.3793532,"POLYGON ((36.86385430000007 37.37931580000003, 36.863469431000055 37.37862021700005, 36.86244021700003 37.37902565300004, 36.862280199000054 37.37881614500003, 36.86178030000008 37.37902330000003, 36.86173241900008 37.379039523000074, 36.86230143100005 37.379720303000056, 36.86230528200008 37.379725249000046, 36.86230610200005 37.379726402000074, 36.86273441600008 37.380339055000036, 36.862775500000055 37.38032590000006, 36.863143500000035 37.380199600000026, 36.86287590000006 37.379568300000074, 36.86385430000007 37.37931580000003))",15955.9,no-damage,1.0,emsr648,AOI17
1,36.8572904,37.3800453,"POLYGON ((36.85770077400008 37.38031786600004, 36.85726362200006 37.37964479300007, 36.85691402600003 37.37977583300005, 36.856885211000076 37.37978771000007, 36.85730904900004 37.380434982000054, 36.85770077400008 37.38031786600004))",3051.1,no-damage,1.0,emsr648,AOI17
1,36.8517597,37.3801393,"POLYGON ((36.85220047100006 37.38056021500006, 36.85221383900006 37.37983338600003, 36.85088097700003 37.37999926500004, 36.85182328600007 37.380431730000055, 36.85220047100006 37.38056021500006))",4957.4,no-damage,1.0,emsr648,AOI17
1,36.8590680,37.3803055,"POLYGON ((36.85961550800005 37.38024283900006, 36.859485294000024 37.37997646100007, 36.85943742200004 37.37999077200004, 36.85943641800003 37.37999107100006, 36.85854692800007 37.38025717100004, 36.85854591800006 37.38025747100005, 36.85850891800004 37.38026853800005, 36.85858465200005 37.38059982100003, 36.858648566000056 37.38062240700003, 36.85966126300008 37.38033648000004, 36.85961550800005 37.38024283900006))",4033.8,no-damage,1.0,emsr648,AOI17
1,36.8566654,37.3802622,"POLYGON ((36.85709599000006 37.380498714000055, 36.85668460000005 37.379870450000055, 36.85623774800007 37.38005487200007, 36.85663805000007 37.380635754000025, 36.85709599000006 37.380498714000055))",3329.9,no-damage,1.0,emsr648,AOI17
1,36.8538365,37.3796716,"POLYGON ((36.852436229000034 37.38002111700007, 36.85295062800003 37.37998012400004, 36.85312049500004 37.380370576000075, 36.855262235000055 37.37922212900003, 36.85502067800007 37.37891082900006, 36.85395923900006 37.37948748100007, 36.85395215400007 37.37949103100004, 36.85394341700004 37.379494661000024, 36.85393431700004 37.379497669000045, 36.85392329000007 37.37950037100006, 36.85370662400004 37.37954393700005, 36.85370498000003 37.37954427300008, 36.85244032500003 37.37979838600006, 36.852436229000034 37.38002111700007))",11874.9,no-damage,1.0,emsr648,AOI17
1,36.8443318,37.3800027,"POLYGON ((36.84545142700006 37.379563346000054, 36.845324893000054 37.37938925900005, 36.845175780000034 37.37944712900003, 36.845165017000056 37.37945076900007, 36.84515649600007 37.37945294300005, 36.84430509500004 37.37964084300006, 36.84429460600006 37.37964273400007, 36.84428194800006 37.37964393200008, 36.84329618000004 37.379692429000045, 36.84335977400008 37.37979921700003, 36.84336013200004 37.37979982000007, 36.84363168100003 37.380255556000066, 36.84394505600005 37.38076044200005, 36.84466756100005 37.38038275200006, 36.84487215100006 37.380198171000075, 36.84524091000003 37.37977951900007, 36.84524103000007 37.37977938900008, 36.845244276000074 37.37977588200005, 36.84545142700006 37.379563346000054))",14100.4,no-damage,1.0,emsr648,AOI17
1,36.8578986,37.3805772,"POLYGON ((36.858348557000056 37.38057117300008, 36.85829406700003 37.38033281400004, 36.857899229000054 37.38045097000003, 36.85789821800006 37.38045127100003, 36.85741204900006 37.38059662500007, 36.85754777600005 37.38081438300003, 36.85833756400007 37.38057401300006, 36.858339182000066 37.38057353100004, 36.858348557000056 37.38057117300008))",2121.1,no-damage,1.0,emsr648,AOI17
1,36.8511585,37.3805156,"POLYGON ((36.85049004500007 37.38002773100004, 36.850465572000076 37.380016503000036, 36.85029066000004 37.38044961000003, 36.85204929500003 37.38094496900004, 36.85230825600007 37.38080608700005, 36.85225454600004 37.380774572000064, 36.85172847200005 37.38059536800006, 36.851716510000074 37.380590607000045, 36.85049021900005 37.38002780700003, 36.85049004500007 37.38002773100004))",6120.7,no-damage,1.0,emsr648,AOI17
1,36.8560405,37.3805492,"POLYGON ((36.856485527000075 37.38078839900004, 36.85603205100006 37.38013035200004, 36.855641794000064 37.380253855000035, 36.85596207300006 37.38095477600007, 36.85648751400004 37.380791774000045, 36.856485527000075 37.38078839900004))",3613.1,no-damage,1.0,emsr648,AOI17
1,36.8615367,37.3798961,"POLYGON ((36.861676534000026 37.379542678000064, 36.86118111300004 37.37971919900008, 36.860920659000044 37.37942119500008, 36.86141895900005 37.37919848000007, 36.86134710600004 37.37910246300004, 36.861134108000044 37.378870825000035, 36.86048518500007 37.37900304000004, 36.860550817000046 37.37912295900003, 36.860754978000045 37.37948924300008, 36.860986859000036 37.37980427000008, 36.86098728300004 37.37980484800005, 36.86111836300006 37.37998297400003, 36.86111878200006 37.37998354900003, 36.861124639000025 37.37999284500006, 36.86118016200004 37.38009533300004, 36.861589267000056 37.38005975100003, 36.86212660900003 37.381024455000045, 36.86256999600005 37.38087867400003, 36.86217602600004 37.38023131700004, 36.86218444000008 37.38022868300004, 36.862144769000054 37.380168370000035, 36.861676534000026 37.379542678000064))",11884.0,no-damage,1.0,emsr648,AOI17
1,36.8553102,37.3807577,"POLYGON ((36.85575155200007 37.38102009000005, 36.855435845000045 37.38032917100003, 36.85516933500003 37.38043831500005, 36.854787102000046 37.38068011300004, 36.855005351000045 37.38085832400003, 36.85501000600004 37.38086236400005, 36.85532451200004 37.381152590000056, 36.85575155200007 37.38102009000005))",4164.6,no-damage,1.0,emsr648,AOI17
1,36.8542102,37.3803514,"POLYGON ((36.85479501700007 37.380445149000025, 36.85456231000006 37.38015007000007, 36.85487447000003 37.37999597600003, 36.855077219000066 37.380246818000046, 36.855361619000064 37.37995454000003, 36.85536430700006 37.37995188300005, 36.85536964600004 37.379947155000025, 36.85537538900007 37.37994274000005, 36.85571643600008 37.379698509000036, 36.85539163300007 37.379369852000025, 36.852794946000074 37.38076224100007, 36.853261332000045 37.38124856700006, 36.853907313000036 37.38093417300007, 36.85440447900004 37.380692261000036, 36.85454864500008 37.38060100100006, 36.85479501700007 37.380445149000025))",16957.2,no-damage,1.0,emsr648,AOI17
1,36.8459188,37.3805685,"POLYGON ((36.846316959000035 37.380685940000035, 36.84632680000004 37.38068559800007, 36.84633664100005 37.380685940000035, 36.846346407000055 37.38068696600004, 36.846356023000055 37.38068866800006, 36.84636541800006 37.380691031000026, 36.84637451800006 37.38069403900005, 36.846383255000035 37.38069766900003, 36.846391563000054 37.38070189200005, 36.84639937700007 37.380706678000024, 36.846408850000046 37.38071380200006, 36.846721288000026 37.380977537000035, 36.846804004000035 37.38093262500007, 36.84649409700006 37.38057271200006, 36.845361721000074 37.37995573200004, 36.84510774700004 37.38024407000006, 36.846396850000076 37.38127681100008, 36.84655834900008 37.38110231400003, 36.84624475000004 37.38083759800003, 36.84624030600003 37.380833617000064, 36.84623430900007 37.380827381000074, 36.84622901700004 37.380820751000044, 36.84622446800006 37.38081377900005, 36.84622069900007 37.38080651700005, 36.846217737000075 37.38079902000004, 36.846215605000054 37.38079134600008, 36.84621431900007 37.38078355300007, 36.84621389000006 37.38077570000007, 36.84621431900007 37.38076784700007, 36.846215605000054 37.38076005400006, 36.846217737000075 37.38075238000005, 36.84622069900007 37.380744883000034, 36.84622446900005 37.38073762100004, 36.84622901700004 37.38073064900004, 36.84623430900007 37.38072401900007, 36.84624030600003 37.38071778300008, 36.84624696000003 37.38071198800003, 36.846254223000074 37.380706678000024, 36.84626203700003 37.38070189200005, 36.84627034500005 37.38069766900003, 36.846279082000024 37.38069403900005, 36.84628818200008 37.380691031000026, 36.84629757700003 37.38068866800006, 36.84630719300003 37.38068696600004, 36.846316959000035 37.380685940000035))",7519.8,no-damage,1.0,emsr648,AOI17
1,36.8579407,37.3811451,"POLYGON ((36.85827184100003 37.38118716200006, 36.858114123000064 37.38090174400003, 36.857920068000055 37.380948302000036, 36.85789838300008 37.38090054300005, 36.85764689500007 37.38097708200007, 36.857647591000045 37.38097888000004, 36.85780719200005 37.38147698000006, 36.857807354000045 37.381477578000045, 36.85827184100003 37.38118716200006))",2117.3,no-damage,1.0,emsr648,AOI17
1,36.8495320,37.3801962,"POLYGON ((36.850340379000045 37.379738891000045, 36.85058750500008 37.379067675000044, 36.84957475300007 37.37941916500006, 36.84841760300003 37.37990692300008, 36.84913150500006 37.38101970500003, 36.84961887400004 37.381554986000026, 36.84979520300004 37.38126521700008, 36.84988549700006 37.381087954000066, 36.849880117000055 37.380895105000036, 36.84988008900007 37.38089310000004, 36.84988051900007 37.38088524700004, 36.84988180500005 37.38087745400003, 36.84988340900003 37.38087141300008, 36.84988552800007 37.380865474000075, 36.850042031000044 37.38047776800005, 36.85029342800004 37.37985527600006, 36.850340379000045 37.379738891000045))",24168.9,no-damage,1.0,emsr648,AOI17
1,36.8561364,37.3813008,"POLYGON ((36.85678760800005 37.38130164900008, 36.85658373000007 37.380955269000026, 36.85593641200006 37.38115608000004, 36.85544429600003 37.38130877200007, 36.855531133000056 37.38145802100007, 36.85553119800005 37.38145814000006, 36.85561239100008 37.38159752000007, 36.855616102000056 37.381604683000035, 36.85561750800008 37.38160796000005, 36.855619809000075 37.381613679000054, 36.856624870000076 37.38139793400006, 36.85678760800005 37.38130164900008))",4613.8,no-damage,1.0,emsr648,AOI17
1,36.8547342,37.3812711,"POLYGON ((36.854841444000044 37.38098231300006, 36.854609208000056 37.38079268100006, 36.854539370000055 37.38083689000007, 36.854527982000036 37.38084322900005, 36.85413129800003 37.38103624900003, 36.854821042000026 37.38176598800004, 36.85511405200003 37.38160717100004, 36.85529190800003 37.381474781000065, 36.855195449000064 37.381308990000036, 36.854841444000044 37.38098231300006))",5401.6,no-damage,1.0,emsr648,AOI17
1,36.8468506,37.3806172,"POLYGON ((36.84590262100005 37.37983923200005, 36.84561311200008 37.37969097700005, 36.84549628000008 37.379810845000065, 36.846638866000035 37.38043338800003, 36.846647777000044 37.38043877800004, 36.84665503900004 37.38044408800005, 36.84666169400003 37.38044988300004, 36.84666825900007 37.38045677300005, 36.847053792000054 37.38090451800008, 36.84705437300005 37.38090518900003, 36.84712827300007 37.38099109400008, 36.84759784900007 37.381494813000074, 36.84791157300003 37.38178834100006, 36.848026978000064 37.38175565200004, 36.84705678800003 37.38049755000003, 36.84683154600003 37.38024444200005, 36.84677350800007 37.38021918900006, 36.84661336500005 37.38014937100007, 36.845909464000044 37.37984247000003, 36.84590714600006 37.379841431000045, 36.84590262100005 37.37983923200005))",6588.9,no-damage,1.0,emsr648,AOI17
1,36.8572173,37.3811963,"POLYGON ((36.857391223000036 37.38096785700003, 36.85719946800003 37.38066020700006, 36.856740408000064 37.38079758200007, 36.85674329700004 37.38080250300004, 36.85674343200003 37.380802721000066, 36.85703129400008 37.381291797000074, 36.85703142700004 37.38129202400006, 36.857035032000056 37.38129891300008, 36.85703520200008 37.38129928300003, 36.857248017000074 37.38175959800003, 36.857251064000025 37.381767280000076, 36.857253196000045 37.381774954000036, 36.85725448200003 37.381782747000045, 36.85725491200003 37.381790600000045, 36.85725448200003 37.381798453000044, 36.857253197000034 37.38180624600005, 36.85725106500007 37.38181392000007, 36.85724810200003 37.381821417000026, 36.85724433300004 37.38182867900008, 36.85724331700004 37.38183023600004, 36.85764522900007 37.38157894500006, 36.85764134400006 37.381577331000074, 36.85763303700003 37.381573108000055, 36.857625222000024 37.38156832200008, 36.85761795900004 37.38156301200007, 36.857611305000034 37.38155721700008, 36.857605308000075 37.38155098100003, 36.85760001600005 37.38154435100006, 36.85759546700007 37.381537379000065, 36.85759169800008 37.38153011700007, 36.85758840800003 37.38152162000006, 36.85743178400003 37.38103280800004, 36.857391223000036 37.38096785700003))",4824.5,no-damage,1.0,emsr648,AOI17
1,36.8600100,37.3808504,"POLYGON ((36.861193972000024 37.38081395200004, 36.86102188600006 37.38085371400007, 36.86091759400006 37.38058059200006, 36.861189540000055 37.380530891000035, 36.86118764200006 37.38040962300005, 36.86089829400004 37.379945375000034, 36.860840704000054 37.379961526000045, 36.85986704800007 37.380261587000064, 36.859913995000056 37.380357667000055, 36.859914900000035 37.38035958300003, 36.85991783700007 37.38036701100003, 36.85991786100004 37.38036708000004, 36.85991996000007 37.38037461400006, 36.85991999400005 37.38037475400006, 36.860020579000036 37.380825783000034, 36.86002188100008 37.38083364700003, 36.86002231000003 37.38084150000003, 36.86002188100008 37.38084935300003, 36.86002059500004 37.38085714600004, 36.860018463000074 37.380864820000056, 36.86001550100008 37.38087231700007, 36.86001173200003 37.380879579000066, 36.86000718300005 37.38088655100006, 36.860001891000024 37.38089318100003, 36.859995894000065 37.38089941700008, 36.85998924000006 37.38090521200007, 36.859981978000064 37.38091052200008, 36.85997416300006 37.380915308000056, 36.85996585500004 37.380919531000075, 36.85995711800007 37.380923161000055, 36.85994801800007 37.38092616900008, 36.85993862300006 37.38092853200004, 36.85992900700006 37.38093023400006, 36.85991924100006 37.38093126000007, 36.85990940000005 37.38093160200003, 36.85989955900004 37.38093126000007, 36.859889793000036 37.38093023400006, 36.859880177000036 37.38092853200004, 36.85987078200003 37.38092616900008, 36.85986168200003 37.380923161000055, 36.85985294500006 37.380919531000075, 36.85984463700004 37.380915308000056, 36.859836822000034 37.38091052200008, 36.85982956000004 37.38090521200007, 36.85982290600003 37.38089941700008, 36.859816909000074 37.38089318100003, 36.85981161700005 37.38088655100006, 36.859807068000066 37.380879579000066, 36.85980329900008 37.38087231700007, 36.859800360000065 37.380864889000065, 36.859798236000074 37.380857287000026, 36.85972096100005 37.38051077600005, 36.85890685000004 37.38074063400006, 36.85915386900007 37.38153577400004, 36.85891420000007 37.38161012100005, 36.859019181000065 37.38185881600003, 36.859935707000034 37.38162504300004, 36.85979213300004 37.381314846000066, 36.85997641600005 37.38129672200006, 36.85986644500008 37.38106582100005, 36.860656712000036 37.380858369000066, 36.86073074500007 37.381092196000054, 36.86110918900005 37.38102466000004, 36.86119693000006 37.38100293000008, 36.861193972000024 37.38081395200004))",19545.1,no-damage,1.0,emsr648,AOI17
1,36.8470871,37.3815464,"POLYGON ((36.846943312000064 37.381094494000024, 36.84693185100008 37.38108117100006, 36.84678470700004 37.38116106600006, 36.846557046000044 37.38140705200004, 36.84688660000006 37.381680464000056, 36.84736579500003 37.38196498900004, 36.84761193000003 37.38188364300004, 36.847689338000066 37.38185810900006, 36.84742359100005 37.38160947000006, 36.84742300500005 37.38160891700005, 36.84741890600003 37.38160477900004, 36.846945807000054 37.38109727900007, 36.846943312000064 37.381094494000024))",4135.7,no-damage,1.0,emsr648,AOI17
1,36.8528323,37.3814565,"POLYGON ((36.853143733000024 37.38142245900008, 36.85260714200007 37.38086292500003, 36.852567468000075 37.380884190000074, 36.85214242700005 37.38111214300005, 36.853072560000044 37.382053134000046, 36.85352035900007 37.38180178600004, 36.853144902000054 37.38142365600004, 36.853143733000024 37.38142245900008))",6448.0,no-damage,1.0,emsr648,AOI17
1,36.8506026,37.3812880,"POLYGON ((36.851820083000064 37.38107150800005, 36.85022138000005 37.38062119700004, 36.85010630600004 37.38090627400004, 36.850111783000045 37.38110259500007, 36.85011181100003 37.38110460000007, 36.85011138100003 37.38111245300007, 36.85011009500005 37.38112024600008, 36.850107964000074 37.38112792000004, 36.85010500200008 37.38113541700005, 36.850103500000046 37.381138529000054, 36.85000300000007 37.38133582900008, 36.849999970000056 37.38134125800008, 36.84976700300007 37.381724105000046, 36.85003348200007 37.38206560700007, 36.85105473700003 37.38149739200003, 36.851054920000024 37.38149729500003, 36.851820083000064 37.38107150800005))",13537.4,no-damage,1.0,emsr648,AOI17
1,36.8553081,37.3819743,"POLYGON ((36.85540464300004 37.38166838700005, 36.85539201100005 37.38164670100008, 36.855261718000065 37.38174368700004, 36.85525727800007 37.381746822000025, 36.85524814300004 37.381752335000044, 36.85495720900008 37.38191002700006, 36.85526446100005 37.382234994000044, 36.85560675200003 37.38216991500008, 36.855437702000074 37.38175056600005, 36.85540464300004 37.38166838700005))",2010.0,no-damage,1.0,emsr648,AOI17
1,36.8541912,37.3817925,"POLYGON ((36.85470546000005 37.38194296200004, 36.85393755700005 37.381130530000064, 36.853401174000055 37.38139158400003, 36.85377159400008 37.38176463900004, 36.854401798000026 37.38239913700005, 36.85502469800008 37.38228060700004, 36.85470546000005 37.38194296200004))",8094.6,no-damage,1.0,emsr648,AOI17
1,36.8466381,37.3820022,"POLYGON ((36.84673032200004 37.381810761000054, 36.846419439000044 37.38155283900005, 36.84609135100004 37.38189552800003, 36.84686798600006 37.382441425000025, 36.84707012000007 37.38222055500006, 36.84719260000003 37.38208677000006, 36.84674429700004 37.38182058700005, 36.84673912200003 37.381817322000074, 36.84673032200004 37.381810761000054))",4220.4,no-damage,1.0,emsr648,AOI17
1,36.8520752,37.3818837,"POLYGON ((36.852886469000055 37.382155848000025, 36.85195667100004 37.38121519400005, 36.85127879800007 37.38159240300007, 36.85196945900003 37.38234623200003, 36.85215790700005 37.382552041000054, 36.852886469000055 37.382155848000025))",10005.9,no-damage,1.0,emsr648,AOI17
1,36.8481879,37.3822206,"POLYGON ((36.84851621200005 37.382429898000055, 36.84814522100004 37.381913379000025, 36.84791657900007 37.38197814500006, 36.847826877000045 37.38200773400007, 36.848305941000035 37.38256679300008, 36.84851621200005 37.382429898000055))",1885.1,no-damage,1.0,emsr648,AOI17
1,36.8563687,37.3820262,"POLYGON ((36.856339759000036 37.38255594000003, 36.856349600000044 37.38255559800007, 36.85635944100005 37.38255594000003, 36.85636920700006 37.38255696600004, 36.856378824000046 37.38255866800006, 36.85638821900005 37.38256103100008, 36.85639731900005 37.382564039000044, 36.85640605700007 37.382567669000025, 36.856414364000045 37.382571892000044, 36.85642217900005 37.38257667800008, 36.856429442000035 37.38258198800003, 36.85643609600004 37.382587783000076, 36.856442093000055 37.38259401900007, 36.85644738600007 37.38260064900004, 36.85645193400006 37.382607621000034, 36.85645570400004 37.38261488300003, 36.856458048000036 37.38262081600004, 36.85666061000006 37.38257433700005, 36.85654464000004 37.38208222500003, 36.857151231000046 37.38188038100003, 36.85714200000007 37.381880702000046, 36.85713215900006 37.381880360000025, 36.857122393000054 37.381879334000075, 36.857112776000065 37.381877632000055, 36.85710338200005 37.381875269000034, 36.85709428100006 37.38187226100007, 36.85708554400003 37.38186863100003, 36.857077236000066 37.38186440800007, 36.85706942200005 37.381859622000036, 36.857062159000066 37.38185431200003, 36.85705550400007 37.38184851700004, 36.857049508000046 37.38184228100005, 36.85704421500003 37.381835651000074, 36.857039772000064 37.38182885700007, 36.857036067000024 37.381821787000035, 36.85687531800005 37.38147408700007, 36.85674214900007 37.381552878000036, 36.85673135600007 37.38155853100005, 36.85672261800005 37.38156216100003, 36.85671351800005 37.381565169000055, 36.85670423100004 37.381567509000035, 36.85568898200006 37.381785441000034, 36.85582707700007 37.38212800100007, 36.85640619900005 37.38201775700003, 36.85641279300006 37.38201666600003, 36.856422559000066 37.38201564000008, 36.856432400000074 37.382015298000056, 36.856442241000025 37.38201564000008, 36.85645200700003 37.38201666600003, 36.856461624000076 37.38201836800005, 36.856471018000036 37.38202073100007, 36.856480119000025 37.38202373900003, 36.856488856000055 37.38202736900007, 36.856497164000075 37.38203159200003, 36.85650497900008 37.382036378000066, 36.856512241000075 37.38204168800007, 36.85651889600007 37.382047483000065, 36.85652489200004 37.382053719000055, 36.856530185000054 37.38206034900003, 36.856534733000046 37.38206732100008, 36.856538503000024 37.382074583000076, 36.85654146500008 37.38208208000003, 36.85654359700004 37.38208975400005, 36.856544883000026 37.38209754700006, 36.85654531200004 37.38210540000006, 36.856544883000026 37.38211325300006, 36.85654359700004 37.382121046000066, 36.85654146500008 37.382128720000026, 36.856538503000024 37.38213621700004, 36.856534733000046 37.382143479000035, 36.856530185000054 37.38215045100003, 36.85652489200004 37.38215708100006, 36.85651889600007 37.38216331700005, 36.856512241000075 37.38216911200004, 36.85650497900008 37.38217442200005, 36.856497164000075 37.382179208000025, 36.856488856000055 37.382183431000044, 36.856480119000025 37.382187061000025, 36.856471018000036 37.382190069000046, 36.85645860100004 37.38219304300003, 36.85588550700004 37.382302140000036, 36.85597345000008 37.382624032000024, 36.85632363800005 37.38255801200006, 36.85632999300003 37.38255696600004, 36.856339759000036 37.38255594000003))",7487.8,no-damage,1.0,emsr648,AOI17
1,36.8479225,37.3805262,"POLYGON ((36.84866147900004 37.38068250400005, 36.84821579900006 37.37998780100003, 36.847906858000044 37.38010524400005, 36.84789691700007 37.38010856900007, 36.847887523000054 37.380110932000036, 36.847877907000054 37.38011263400006, 36.847874095000066 37.380113116000075, 36.84707210800008 37.38020353200005, 36.84724305800006 37.380395630000066, 36.84724716100004 37.380400578000035, 36.84783281500006 37.38116003400006, 36.84866147900004 37.38068250400005))",9623.4,no-damage,1.0,emsr648,AOI17
1,36.8451270,37.3814214,"POLYGON ((36.84626000800006 37.381422532000045, 36.844965786000046 37.380385689000036, 36.84482667300006 37.38051119600004, 36.84482089200003 37.38051603700006, 36.844814677000045 37.38052052200004, 36.84480397200008 37.38052687000004, 36.844046013000025 37.38092309500007, 36.845133127000054 37.38267453200007, 36.845582128000046 37.38213101000008, 36.84558320700006 37.38212979700006, 36.84558390800004 37.382128919000024, 36.84558498800004 37.38212779600008, 36.84558666700008 37.382125909000024, 36.84584797200006 37.38185290400003, 36.84626000800006 37.381422532000045))",24033.8,no-damage,1.0,emsr648,AOI17
1,36.8552164,37.3826045,"POLYGON ((36.85575555500003 37.38267248000005, 36.85566579700003 37.382343938000076, 36.855244980000066 37.38242394700006, 36.85455654200007 37.38255494900005, 36.854600592000054 37.38259930500004, 36.85485243200003 37.382795128000055, 36.85501670100007 37.38285153700008, 36.855253815000026 37.38280351700007, 36.85575555500003 37.38267248000005))",3525.3,no-damage,1.0,emsr648,AOI17
1,36.8477071,37.3824717,"POLYGON ((36.84813033200004 37.38268111700006, 36.84761362800003 37.38207813100007, 36.847422281000036 37.382141370000056, 36.84729927200004 37.382275734000075, 36.84781569800003 37.38288593600004, 36.84813033200004 37.38268111700006))",2985.2,no-damage,1.0,emsr648,AOI17
1,36.8462745,37.3824826,"POLYGON ((36.84673424300007 37.382587562000026, 36.84595393200004 37.38203908200006, 36.845813760000055 37.38218553100006, 36.84641057700003 37.38294121300004, 36.84673424300007 37.382587562000026))",3179.1,no-damage,1.0,emsr648,AOI17
1,36.8473251,37.3827762,"POLYGON ((36.84764000700005 37.38300032600006, 36.84715768800004 37.38243042400006, 36.84702446700004 37.382575993000046, 36.84747850300005 37.383105501000045, 36.84764000700005 37.38300032600006))",1373.3,no-damage,1.0,emsr648,AOI17
1,36.8540936,37.3827255,"POLYGON ((36.854269507000026 37.38255606300004, 36.853660845000036 37.38194325100005, 36.853211388000034 37.38219552900006, 36.85396743900003 37.382980806000035, 36.85397176500004 37.38298561900007, 36.85397568600007 37.38299064900008, 36.85397762900004 37.38299344700005, 36.85421650500007 37.38335246400004, 36.85492298200006 37.38333255300006, 36.854932844000075 37.383321143000046, 36.85490036200008 37.38300776900007, 36.85474396700005 37.382954064000046, 36.854732143000035 37.38294933100008, 36.85472383500007 37.38294510800006, 36.85471602100006 37.382940322000024, 36.854709799000034 37.382935832000044, 36.85443779900004 37.382724332000066, 36.85443010300003 37.38271771700005, 36.85442810600006 37.38271576200003, 36.854269507000026 37.38255606300004))",9399.0,no-damage,1.0,emsr648,AOI17
1,36.8481852,37.3830293,"POLYGON ((36.848767837000025 37.382780222000065, 36.84863003400005 37.38258836700004, 36.848354682000036 37.38276762600003, 36.848353477000046 37.38276841600003, 36.84786388200007 37.38308712600008, 36.84786268300007 37.383087912000065, 36.84760649800006 37.383254745000045, 36.84778512400004 37.38346297700008, 36.848767837000025 37.382780222000065))",3021.9,possibly-damaged,0.0,emsr648,AOI17
1,36.8556262,37.3831102,"POLYGON ((36.855658635000054 37.383446767000066, 36.85558980900004 37.38318799500007, 36.85588709500007 37.38314064700006, 36.856243059000064 37.38309810800007, 36.85616337600004 37.38277339100006, 36.85591819600006 37.382819615000074, 36.855320421000044 37.38297573300008, 36.85531307600007 37.382977434000054, 36.855127707000065 37.38301497400005, 36.855159542000024 37.38332209200007, 36.85520076600005 37.383313275000035, 36.85520921500006 37.38348868700007, 36.855658635000054 37.383446767000066))",4115.0,no-damage,1.0,emsr648,AOI17
1,36.8509096,37.3831227,"POLYGON ((36.85197119800006 37.382653583000035, 36.851850581000065 37.38252185300007, 36.85011209800007 37.38343545300006, 36.84987929400006 37.38355776800006, 36.84989866300003 37.38357433600004, 36.85004616500004 37.38370049900004, 36.850781733000076 37.383300389000055, 36.85078291200006 37.383299744000055, 36.85141833400007 37.382954289000054, 36.85141951400004 37.382953643000064, 36.85197119800006 37.382653583000035))",4098.9,no-damage,1.0,emsr648,AOI17
1,36.8485886,37.3835217,"POLYGON ((36.849049423000054 37.38310177000005, 36.848247969000056 37.38360366300003, 36.84811113200004 37.383475418000046, 36.84783775900007 37.38366534600004, 36.847783769000046 37.383702878000065, 36.84853335300005 37.383830396000064, 36.84925301100003 37.383286284000064, 36.84909833100005 37.383153959000026, 36.84909440300004 37.383150417000024, 36.84908982500008 37.38314576100004, 36.849049423000054 37.38310177000005))",3802.0,possibly-damaged,0.0,emsr648,AOI17
1,36.8492629,37.3837130,"POLYGON ((36.84962293800004 37.38360266500007, 36.84940706700007 37.38341805300007, 36.84880111600006 37.383876196000074, 36.84922058800004 37.383948055000076, 36.849655719000054 37.38363070400004, 36.84962293800004 37.38360266500007))",2001.2,no-damage,1.0,emsr648,AOI17
1,36.8472286,37.3836432,"POLYGON ((36.847613668000065 37.383582131000026, 36.84742740000007 37.38336498900003, 36.84721545800005 37.38348896800005, 36.847205157000076 37.383494331000065, 36.847196420000046 37.38349796000006, 36.84718731900006 37.38350096900007, 36.847178179000025 37.383503278000035, 36.84716882500004 37.38350496000004, 36.847002427000064 37.383529011000064, 36.84686512700006 37.38361848300008, 36.847081047000074 37.38395226200004, 36.84746504000003 37.383685455000034, 36.847613668000065 37.383582131000026))",2078.6,no-damage,1.0,emsr648,AOI17
1,36.8442996,37.3823002,"POLYGON ((36.84342813100005 37.38033359100007, 36.84319351800008 37.379939842000056, 36.842874177000056 37.37999005300003, 36.84270331500005 37.380037952000066, 36.84277199200005 37.38019748200003, 36.84347692600005 37.38116621900008, 36.843769304000034 37.38155788800003, 36.84377008400003 37.381558949000066, 36.843774633000066 37.38156592100006, 36.843778402000055 37.38157318300006, 36.843780071000026 37.381577123000056, 36.84401427200004 37.382175123000025, 36.84401747100003 37.382185365000055, 36.84428124900006 37.38330584500005, 36.844498765000026 37.38359589700008, 36.84487968800005 37.38391788800004, 36.845248465000054 37.38417642100006, 36.845713481000075 37.384015625000075, 36.84501801700003 37.382895090000034, 36.84379922000005 37.38093149100007, 36.843428921000054 37.380334891000075, 36.84342813100005 37.38033359100007))",26151.9,no-damage,1.0,emsr648,AOI17
1,36.8533550,37.3832245,"POLYGON ((36.85378260300007 37.38308461300005, 36.85302554400005 37.38229828900006, 36.85229716500004 37.38269438300006, 36.85387225300008 37.38421466400007, 36.85424490200006 37.38407381500008, 36.854279430000076 37.384032656000045, 36.85404585500004 37.38348026600005, 36.85378260300007 37.38308461300005))",15021.2,no-damage,1.0,emsr648,AOI17
1,36.8481007,37.3840777,"POLYGON ((36.84841849800006 37.38399511100005, 36.84773798200007 37.383879344000036, 36.847856980000074 37.38408171900005, 36.848196038000026 37.384340648000034, 36.848359051000045 37.38412903400007, 36.84841849800006 37.38399511100005))",1513.6,no-damage,1.0,emsr648,AOI17
1,36.8487454,37.3842487,"POLYGON ((36.849078588000054 37.38410804000006, 36.84864120800006 37.38403311400003, 36.84856793600005 37.38419818300008, 36.848567606000074 37.38419891700005, 36.84856383600004 37.384206179000046, 36.84855928800005 37.38421315100004, 36.84855769500007 37.38421528400005, 36.84840764300003 37.384410073000026, 36.84883137000003 37.38445030500003, 36.849078588000054 37.38410804000006))",1601.4,no-damage,1.0,emsr648,AOI17
1,36.8526434,37.3835859,"POLYGON ((36.85367735500006 37.384309365000036, 36.852109753000036 37.382796307000035, 36.85165908000005 37.383041426000034, 36.853390311000055 37.38442872200005, 36.85339679900005 37.38443438300004, 36.85340279500008 37.38444061900003, 36.85340808800004 37.38444724900006, 36.853412637000076 37.384454221000055, 36.853416406000065 37.38446148300005, 36.853417732000025 37.38446484000008, 36.85367735500006 37.384309365000036))",8279.1,no-damage,1.0,emsr648,AOI17
1,36.8460587,37.3834661,"POLYGON ((36.84630558600003 37.38314626300007, 36.84567426700005 37.382346891000054, 36.84524916600003 37.382861484000045, 36.84596858500004 37.38402061100004, 36.84596902000004 37.384021424000025, 36.84596973600003 37.38402252100008, 36.84597350100006 37.38402978600004, 36.84597357200005 37.38402994000006, 36.84605746700004 37.38421597300004, 36.84614881400006 37.384322679000036, 36.84624535200004 37.38442394900005, 36.84627311200006 37.38444233400003, 36.846330128000034 37.384479214000066, 36.846350468000026 37.38448444900007, 36.84635442000007 37.38448553100005, 36.84636352000007 37.38448854000006, 36.84637225800003 37.384492169000055, 36.84637765200006 37.38449485000007, 36.846466415000066 37.38440225700003, 36.846469601000024 37.38439908300006, 36.846474389000036 37.38439481300003, 36.84647950800007 37.38439079500006, 36.846906915000034 37.38407594700004, 36.84662246200003 37.38363622500003, 36.84630558600003 37.38314626300007))",14682.3,no-damage,1.0,emsr648,AOI17
1,36.8498349,37.3842660,"POLYGON ((36.849947146000034 37.383879973000035, 36.849809779000054 37.38376247700006, 36.84934289200004 37.38410298900004, 36.84907530400005 37.38447345700007, 36.850390067000035 37.38459822000004, 36.850596565000046 37.38445062300008, 36.85019301500006 37.384090162000064, 36.849947146000034 37.383879973000035))",6745.2,no-damage,1.0,emsr648,AOI17
1,36.8476307,37.3842544,"POLYGON ((36.84766147800008 37.38417347300003, 36.847500525000044 37.383899745000065, 36.84721799000005 37.38409605700008, 36.84793617500003 37.38460183700005, 36.84795451400004 37.38461119300007, 36.84806803200007 37.38449232600004, 36.84768562800008 37.38420029500003, 36.84767720200006 37.38419311700005, 36.84767120500004 37.38418688100006, 36.847665912000025 37.38418025100003, 36.84766147800008 37.38417347300003))",1789.9,no-damage,1.0,emsr648,AOI17
1,36.8546729,37.3843511,"POLYGON ((36.85519796300008 37.38450414600004, 36.85523526800006 37.38430465000005, 36.85481445500005 37.38428628400004, 36.85478717400008 37.38398534500004, 36.85449046300005 37.38396807700008, 36.85451118900005 37.38401709300007, 36.85451360600007 37.38402361000004, 36.854515400000025 37.38403025400004, 36.85451668600007 37.38403804700005, 36.85451711500008 37.38404590000005, 36.85451668600007 37.384053753000046, 36.854515400000025 37.384061546000055, 36.85451326800006 37.38406922000007, 36.854510306000066 37.38407671700003, 36.85450653600003 37.384083979000025, 36.85450198800004 37.384090951000076, 36.85449803200004 37.38409602200005, 36.854415232000065 37.384194722000075, 36.854407898000034 37.38420251700006, 36.85440124300004 37.384208312000055, 36.854393981000044 37.38421362200006, 36.85438616600004 37.38421840800004, 36.85437785800008 37.38422263100006, 36.854369736000024 37.38422602900005, 36.85402070300006 37.38435795300006, 36.854167397000026 37.384499550000044, 36.85417645700005 37.38449646000004, 36.85495847100003 37.38459910700004, 36.85519026000003 37.38462573700008, 36.85519796300008 37.38450414600004))",4038.9,no-damage,1.0,emsr648,AOI17
1,36.8484240,37.3847057,"POLYGON ((36.848703009000076 37.38461959400007, 36.84826971200005 37.384578453000074, 36.84814538200004 37.38470864200008, 36.84849570400007 37.384887623000054, 36.848703009000076 37.38461959400007))",946.3,no-damage,1.0,emsr648,AOI17
1,36.8511235,37.3841870,"POLYGON ((36.85201022500007 37.38446166700004, 36.85083157100007 37.383491366000044, 36.85020205200004 37.383833794000054, 36.85035894400005 37.38396791800005, 36.85036060700003 37.383969372000024, 36.85084010800006 37.38439767300008, 36.85142705900006 37.38492197100004, 36.85201022500007 37.38446166700004))",10844.5,no-damage,1.0,emsr648,AOI17
1,36.8415188,37.3808487,"POLYGON ((36.84375105500004 37.38262397300008, 36.843367871000055 37.38156764100006, 36.84280423100006 37.380799094000054, 36.84220476400003 37.38002989200004, 36.84169888100007 37.379748826000025, 36.841623335000065 37.37971339300003, 36.841503913000054 37.37983586100006, 36.840748519000044 37.379607462000024, 36.84052699700004 37.37951757500008, 36.840397875000065 37.37964397700006, 36.83994546200006 37.379478336000034, 36.839904009000065 37.37927420700004, 36.83964662500006 37.37918004100004, 36.839641570000026 37.37918233700003, 36.839162576000035 37.38020798200006, 36.840363825000054 37.380830821000075, 36.84007708100006 37.381075585000076, 36.84049641800004 37.381365678000066, 36.840504285000065 37.38137882600006, 36.84072925400005 37.38121662800006, 36.840786356000024 37.38078846600007, 36.84133321400003 37.38016180100004, 36.841874494000024 37.38098001900005, 36.84120369900006 37.38123960000007, 36.84196522700006 37.38250535200007, 36.84239022600008 37.38237719600005, 36.84210788000007 37.38190707000007, 36.842631022000035 37.381795011000065, 36.84282418400005 37.382249201000036, 36.84301986300005 37.38230284600007, 36.84320734700003 37.38264247700005, 36.84375105500004 37.38262397300008))",58240.9,no-damage,1.0,emsr648,AOI17
1,36.8494275,37.3849648,"POLYGON ((36.84884886400005 37.38477413100003, 36.84907507400004 37.38488010200007, 36.848893704000034 37.38509091700007, 36.84956229200003 37.385432397000045, 36.849789903000044 37.385037269000065, 36.84979471100007 37.385029849000034, 36.84980000400003 37.38502321900006, 36.84980600100005 37.38501698300007, 36.84981137200003 37.38501222900004, 36.84981715300006 37.38500779100008, 36.85016596100007 37.384758428000055, 36.848950236000064 37.384643063000055, 36.84884886400005 37.38477413100003))",5357.7,no-damage,1.0,emsr648,AOI17
1,36.8473891,37.3848502,"POLYGON ((36.847793283000044 37.38474155500006, 36.84704840100005 37.384216973000036, 36.84663985900005 37.38451792500007, 36.846548486000074 37.38461324300005, 36.84654795400007 37.38461379300003, 36.84650863500008 37.38465416100007, 36.84649050000007 37.38468083400005, 36.84648833800003 37.38469386100007, 36.846487696000054 37.38469769400007, 36.84648700100007 37.38470164600005, 36.84648486900005 37.38470932000007, 36.846481907000054 37.384716817000026, 36.84647914800007 37.38472220700004, 36.846478115000025 37.38472406600005, 36.84647599300007 37.38472745800004, 36.84647363400006 37.38473108100004, 36.84646954500005 37.38473739600005, 36.84647074600008 37.384817602000055, 36.84728552000007 37.385110842000074, 36.84795433800008 37.385480640000026, 36.847970985000075 37.385465070000066, 36.84836879200003 37.38503676000005, 36.847920446000046 37.38480769800003, 36.84780717800004 37.384749914000054, 36.84780115900003 37.384746620000044, 36.84779541900008 37.384743022000066, 36.847793283000044 37.38474155500006))",10341.8,no-damage,1.0,emsr648,AOI17
1,36.8504774,37.3851701,"POLYGON ((36.851256859000046 37.385040434000075, 36.85074701700006 37.38458501300005, 36.85050274200006 37.38475961200004, 36.849985307000054 37.38512952700006, 36.84975433300008 37.38553049400008, 36.850110864000044 37.38571264500007, 36.850191522000046 37.38569485200003, 36.851256859000046 37.385040434000075))",7844.4,no-damage,1.0,emsr648,AOI17
1,36.8509096,37.3856778,"POLYGON ((36.851423012000055 37.38559755400007, 36.85134202300003 37.38521553700008, 36.85031178000003 37.385848397000075, 36.850305707000075 37.38585187800004, 36.850299359000076 37.38585503100006, 36.850297502000046 37.38585580200004, 36.85031288300007 37.38586924200007, 36.85031600000008 37.38587208300004, 36.85031677100005 37.385872824000046, 36.85053842900004 37.386088244000064, 36.851423012000055 37.38559755400007))",3798.8,no-damage,1.0,emsr648,AOI17
1,36.8525447,37.3848934,"POLYGON ((36.85312630000004 37.38602620000006, 36.85405508200006 37.385075992000054, 36.853422944000044 37.38448733400003, 36.85342321600007 37.38449230000003, 36.85342278600007 37.38450015300003, 36.853421500000024 37.38450794600004, 36.85341936800006 37.38451562000006, 36.853416406000065 37.38452311700007, 36.853412637000076 37.38453037900007, 36.85340808800004 37.38453735100006, 36.85340279500008 37.384543981000036, 36.85339679900005 37.384550217000026, 36.85339014400006 37.384556012000075, 36.85338288100007 37.384561322000025, 36.85337506600007 37.38456610800006, 36.85336675800005 37.38457033100008, 36.85335802000003 37.38457396000007, 36.85334892000003 37.38457696900008, 36.853339525000024 37.384579332000044, 36.853329908000035 37.384581034000064, 36.85332014100004 37.38458206000007, 36.85331030000003 37.384582402000035, 36.853300459000025 37.38458206000007, 36.85329069200003 37.384581034000064, 36.85328107500004 37.384579332000044, 36.853271680000034 37.38457696900008, 36.853262580000035 37.38457396000007, 36.85325384200007 37.38457033100008, 36.85324553400005 37.38456610800006, 36.85323771900005 37.384561322000025, 36.85323028900007 37.38455587800007, 36.85146922200005 37.38314467200007, 36.851020971000025 37.38338837300006, 36.85224894700008 37.38439928300005, 36.852250179000066 37.38440029000003, 36.85310748100005 37.38510609100007, 36.85311289900005 37.38511088300004, 36.85311889600007 37.38511711900003, 36.85312418900003 37.38512374900006, 36.85312873700008 37.38513072100005, 36.853132507000055 37.38513798300005, 36.85313546900005 37.38514548000006, 36.85313760100007 37.38515315400008, 36.85313888700006 37.38516094700003, 36.85313931700006 37.38516880000003, 36.85313888700006 37.38517665300003, 36.85313760100007 37.38518444600004, 36.85313546900005 37.385192120000056, 36.853132507000055 37.38519961700007, 36.853128738000066 37.385206879000066, 36.85312418900003 37.38521385100006, 36.85311889600007 37.38522048100003, 36.85311289900005 37.38522671700008, 36.85310624400006 37.38523251200007, 36.85309898200006 37.38523782200008, 36.85309116700006 37.385242608000055, 36.85308285900004 37.385246831000075, 36.85307412100008 37.385250460000066, 36.85306502000003 37.38525346900008, 36.853055625000025 37.38525583200004, 36.853046008000035 37.38525753400006, 36.85303624100004 37.38525855900008, 36.85302640000003 37.38525890200003, 36.853016559000025 37.38525855900008, 36.85300679200003 37.38525753400006, 36.85299717500004 37.38525583200004, 36.852987780000035 37.38525346900008, 36.852978679000046 37.385250460000066, 36.852969941000026 37.385246831000075, 36.852961633000064 37.385242608000055, 36.85295381800006 37.38523782200008, 36.85294531900007 37.38523150900005, 36.85216741000005 37.384591070000056, 36.85154695700004 37.38508080500003, 36.85323951300006 37.38570726200004, 36.85324845900004 37.38571096900006, 36.85325676700006 37.38571519200008, 36.853264582000065 37.385719978000054, 36.85327184500005 37.38572528800006, 36.853278500000044 37.38573108300005, 36.85328449700006 37.38573731900004, 36.853289790000076 37.38574394900007, 36.85329433800007 37.38575092100007, 36.85329810800005 37.385758183000064, 36.85330107000004 37.38576568000008, 36.85330320200006 37.38577335400004, 36.85330448800005 37.385781147000046, 36.85330491800005 37.385789000000045, 36.85330448800005 37.385796853000045, 36.85330320200006 37.385804646000054, 36.85330107000004 37.38581232000007, 36.85329810800005 37.385819817000026, 36.85329433800007 37.38582707900008, 36.853289790000076 37.385834051000074, 36.85328449700006 37.38584068100005, 36.853278500000044 37.38584691700004, 36.85327184500005 37.38585271200003, 36.853264582000065 37.385858022000036, 36.85325676700006 37.38586280800007, 36.85324845900004 37.38586703100003, 36.85323972100008 37.38587066000008, 36.85323062000003 37.385873669000034, 36.85322122500003 37.385876032000056, 36.85321160800004 37.38587773300003, 36.85320184100004 37.385878759000036, 36.853192000000035 37.38587910200005, 36.85318215900003 37.385878759000036, 36.85317239200003 37.38587773300003, 36.853162775000044 37.385876032000056, 36.85315338000004 37.385873669000034, 36.853144487000066 37.38587073800005, 36.851587823000045 37.385294577000025, 36.85165750300007 37.38562325400005, 36.85165763500004 37.38562386700005, 36.85173055200005 37.38596763000004, 36.852990154000054 37.386175362000074, 36.85299811900006 37.38617691800005, 36.853005920000044 37.386178931000074, 36.85301502100003 37.38618194000003, 36.85302375900005 37.38618556900008, 36.85303206700007 37.38618979200004, 36.853039883000065 37.38619457800007, 36.85304714500006 37.38619988800008, 36.853053801000044 37.38620568300007, 36.85305979700007 37.38621191900006, 36.85306509000003 37.386218549000034, 36.85306963900007 37.38622552100003, 36.85307340900005 37.386232783000025, 36.85307637100004 37.38624028000004, 36.85307850300006 37.386247954000055, 36.85307882300003 37.38624989200008, 36.85312630000004 37.38602620000006))",33034.0,no-damage,1.0,emsr648,AOI17
1,36.8462240,37.3856337,"POLYGON ((36.84569533600006 37.38508589700007, 36.84542337500005 37.38493324800004, 36.845445099000074 37.38498203000006, 36.84544788000005 37.38498921200005, 36.84544990100005 37.384996554000054, 36.84545117600004 37.38500424600005, 36.84550312500005 37.38547197200006, 36.845569359000024 37.38553699500005, 36.84574847500005 37.38560602900003, 36.846035838000034 37.38571769200007, 36.84604285900008 37.38572066900008, 36.84605070600003 37.38572463600008, 36.84633180600008 37.38588003600006, 36.84634008200004 37.38588507800006, 36.84634703100005 37.385890138000036, 36.84670373100005 37.38617253800004, 36.84671036900005 37.38617826900003, 36.84696483500005 37.38641802600006, 36.846970998000074 37.386424419000036, 36.84697629100003 37.386431049000066, 36.846980839000025 37.38643802100006, 36.84698460900006 37.38644528300006, 36.84698720400007 37.38645171400003, 36.84702964300004 37.38657216100006, 36.84719585200003 37.38649109000005, 36.84699175000003 37.386215090000064, 36.846991210000056 37.386214351000035, 36.84698904100003 37.386211210000056, 36.846782217000055 37.38589712600003, 36.84658268600003 37.38559622900004, 36.84639956400008 37.38531988600005, 36.84628065100003 37.38530513300003, 36.846278392000045 37.38530483400007, 36.846268775000055 37.38530313200005, 36.84625938000005 37.385300769000025, 36.846249657000044 37.385297527000034, 36.846121276000076 37.38524899600003, 36.84571179500006 37.38509356600008, 36.845703842000034 37.38509023100005, 36.84569533600006 37.38508589700007))",7448.2,no-damage,1.0,emsr648,AOI17
1,36.8511453,37.3863550,"POLYGON ((36.85152076500003 37.38605843500005, 36.851464659000044 37.38579392300005, 36.85058206800005 37.386283508000076, 36.850581746000046 37.38628368600007, 36.85031806400008 37.38642990000005, 36.85035758600003 37.386462952000045, 36.851445984000065 37.38676791700004, 36.85167748600003 37.386797598000044, 36.85152089600007 37.38605904600007, 36.85152076500003 37.38605843500005))",6658.7,no-damage,1.0,emsr648,AOI17
1,36.8492565,37.3858276,"POLYGON ((36.84954982000005 37.38563998500007, 36.84855943500003 37.38513414700003, 36.84816317600007 37.385560791000046, 36.84888174900004 37.38598162000005, 36.84999823000004 37.38652488100007, 36.85007062100004 37.38646016700005, 36.85006971100006 37.386454653000044, 36.85006928100006 37.386446800000044, 36.85006971100006 37.386438947000045, 36.850070997000046 37.386431154000036, 36.850072182000076 37.38642650700007, 36.85008988200008 37.38636540700003, 36.85009379100006 37.386354883000024, 36.85009756100004 37.38634762100003, 36.85010211000008 37.38634064900003, 36.85010740200005 37.38633401900006, 36.850113399000065 37.38632778300007, 36.85012005400006 37.38632198800008, 36.850127317000045 37.38631667800007, 36.850135462000026 37.38631170900004, 36.85035239000007 37.386191422000024, 36.850144114000045 37.385989008000024, 36.85001902000005 37.38587969900004, 36.84954982000005 37.38563998500007))",11786.3,no-damage,1.0,emsr648,AOI17
1,36.8472804,37.3869252,"POLYGON ((36.84739508900003 37.38675458200004, 36.84731197700006 37.38664565500005, 36.84707205300003 37.38676268200004, 36.84706304000008 37.38697083200003, 36.84715303400003 37.387191535000056, 36.847590772000046 37.38701830000008, 36.84739508900003 37.38675458200004))",1696.2,possibly-damaged,0.0,emsr648,AOI17
1,36.8460047,37.3866849,"POLYGON ((36.84564992500003 37.38576817100005, 36.84560223900007 37.38574979200007, 36.84558219000007 37.38608460100005, 36.845581622000054 37.38609029300005, 36.84558060300003 37.38609594600007, 36.84557847100007 37.38610362000003, 36.84557546900004 37.38611120300004, 36.84541740800006 37.38645555200003, 36.84531057600003 37.386763694000024, 36.84531593400004 37.38701971300003, 36.84543535100005 37.387326906000055, 36.84543739000003 37.387332867000055, 36.84547959400004 37.387475291000044, 36.84573389800005 37.38740470000005, 36.84574707200005 37.387401744000044, 36.84589675800004 37.387375846000054, 36.84606125300007 37.38734735200006, 36.846288050000055 37.38726819800007, 36.846388739000076 37.387222767000026, 36.84638958900007 37.38722238200006, 36.84653282800008 37.38715766300004, 36.84683832300004 37.38694180500005, 36.846847842000045 37.38672199500007, 36.846776447000025 37.38651936500003, 36.846541194000054 37.386297711000054, 36.84619502400005 37.38602364700006, 36.84592919500005 37.38587669000003, 36.84564992500003 37.38576817100005))",16856.4,no-damage,1.0,emsr648,AOI17
1,36.8492910,37.3871155,"POLYGON ((36.84989455400006 37.38678800900004, 36.849391439000044 37.386597452000046, 36.84878531500004 37.38738828700008, 36.84879006500006 37.38746435200005, 36.849035480000055 37.38770922000003, 36.84989455400006 37.38678800900004))",5096.9,no-damage,1.0,emsr648,AOI17
1,36.8528458,37.3873142,"POLYGON ((36.852897393000035 37.38710470800004, 36.85231017500007 37.38710266900006, 36.85197152300003 37.38712349000008, 36.852004048000026 37.387295194000046, 36.853340133000074 37.387674513000036, 36.85353989600003 37.387222061000045, 36.85354029000007 37.387221183000065, 36.85354406000005 37.38721392100007, 36.85354860800004 37.387206949000074, 36.853553901000055 37.387200319000044, 36.85356308900003 37.38715353400005, 36.852897393000035 37.38710470800004))",5539.9,no-damage,1.0,emsr648,AOI17
1,36.8498425,37.3874397,"POLYGON ((36.85051614300005 37.38697287300005, 36.85010853600005 37.38686041300008, 36.849197735000075 37.387837095000066, 36.84956790000007 37.388049978000026, 36.85051614300005 37.38697287300005))",5411.7,no-damage,1.0,emsr648,AOI17
1,36.8542336,37.3877122,"POLYGON ((36.85490184400004 37.38766973400004, 36.853716374000044 37.38736467800004, 36.85355291600007 37.38773490400007, 36.853741841000044 37.38778850700004, 36.85374262200003 37.38778873000007, 36.85424462100008 37.38793123000005, 36.854245321000064 37.38793143100003, 36.85473442500006 37.388070870000035, 36.85490184400004 37.38766973400004))",5005.7,no-damage,1.0,emsr648,AOI17
1,36.8527854,37.3878986,"POLYGON ((36.85337037800008 37.38787437000008, 36.85205638000008 37.38750132300004, 36.852184683000075 37.38796829800003, 36.85319124500006 37.388188402000026, 36.853200118000075 37.38819066000008, 36.85342799400007 37.38825721400008, 36.85356247900006 37.38792887500006, 36.85337115800007 37.38787459200006, 36.85337037800008 37.38787437000008))",5299.3,no-damage,1.0,emsr648,AOI17
1,36.8477826,37.3877287,"POLYGON ((36.84788736400003 37.38742995000007, 36.84770462300003 37.387174394000056, 36.84723666700006 37.38735958900003, 36.847545953000065 37.387866848000044, 36.84784427400007 37.388277638000034, 36.84834993000004 37.388063643000066, 36.84826475300008 37.38794579000006, 36.84806543000008 37.38767606500005, 36.84806490700004 37.38767534900006, 36.84788736400003 37.38742995000007))",5658.1,no-damage,1.0,emsr648,AOI17
1,36.8472184,37.3880493,"POLYGON ((36.847344658000054 37.38794861800005, 36.84711764900004 37.387576299000045, 36.84694624900004 37.38824953900007, 36.84742974300008 37.38829729300005, 36.84760102800004 37.388302113000066, 36.84734845200006 37.38795431300008, 36.847344658000054 37.38794861800005))",2164.2,no-damage,1.0,emsr648,AOI17
1,36.8504935,37.3876242,"POLYGON ((36.85062539100005 37.38716228000004, 36.85083286200006 37.38728820100005, 36.85063409300005 37.38744673100007, 36.850469721000024 37.38733910700006, 36.849876840000036 37.38801255800007, 36.850205919000075 37.38819762700007, 36.851174194000066 37.38715451400003, 36.85073819000007 37.387034149000044, 36.85062539100005 37.38716228000004))",4664.1,no-damage,1.0,emsr648,AOI17
1,36.8510608,37.3879064,"POLYGON ((36.851419226000075 37.38722213900007, 36.85139792000007 37.38721626100005, 36.85025859600006 37.38844364400006, 36.85046196600007 37.38854092300005, 36.85063188400005 37.38862222000006, 36.851820072000066 37.387482748000025, 36.85180105500007 37.38741352900007, 36.85162893800003 37.38730851300005, 36.851419226000075 37.38722213900007))",7334.9,no-damage,1.0,emsr648,AOI17
1,36.8527933,37.3884463,"POLYGON ((36.85312701000004 37.388361205000024, 36.85223927900006 37.38816708600007, 36.852257905000045 37.388234915000055, 36.85233370900005 37.38851093100004, 36.853240533000076 37.38871482500008, 36.85335778700005 37.38842860600005, 36.85312701000004 37.388361205000024))",3235.8,no-damage,1.0,emsr648,AOI17
1,36.8483557,37.3868746,"POLYGON ((36.84694018000005 37.385283736000076, 36.846834811000065 37.38526424600008, 36.84672217900004 37.38528379200005, 36.847123760000045 37.385871388000055, 36.847247879000065 37.386036981000075, 36.84754525100004 37.38643911100007, 36.84754579200006 37.38643984700008, 36.84793716200005 37.386969090000036, 36.848701369000025 37.38799519200006, 36.84892063500007 37.38827820400007, 36.849053893000075 37.38842252000006, 36.84929764300006 37.38863176900003, 36.84962238400004 37.38890240100005, 36.85018778500006 37.38861987800004, 36.850101239000026 37.388578480000035, 36.85009325400006 37.38857428400007, 36.85003282800005 37.38853951100003, 36.85003156200003 37.38853878800006, 36.84952982900006 37.38825021100007, 36.849528572000054 37.388249494000036, 36.84897392900007 37.387930511000036, 36.84897267400004 37.38792979500005, 36.84896611600004 37.387925722000034, 36.848958853000056 37.38792041200003, 36.848952197000074 37.387914617000035, 36.848950511000055 37.38791297400007, 36.84859091100003 37.38755417400006, 36.84858584400007 37.387548707000064, 36.848581308000064 37.38754295100006, 36.848576759000025 37.38753597900006, 36.84857298900005 37.387528717000066, 36.84857002700005 37.38752122000005, 36.84856789500003 37.38751354600004, 36.84856632000003 37.38750238400007, 36.84855802000004 37.38736948400003, 36.848557880000044 37.387365000000045, 36.848558309000055 37.387357147000046, 36.84855959500004 37.38734935400004, 36.84856172700006 37.38734168000008, 36.848564690000046 37.387334183000064, 36.848568460000024 37.38732692100007, 36.84857300800007 37.38731994900007, 36.84857446700005 37.38731799000004, 36.849193315000036 37.386510557000065, 36.84848563200006 37.38615909600003, 36.84847685300008 37.38615426200005, 36.84779955300007 37.38574236200003, 36.84779541800003 37.38573972200004, 36.847790522000025 37.38573624600008, 36.84758517400007 37.38558169700008, 36.847404321000056 37.385472469000035, 36.84708619300005 37.38533010800006, 36.84694018000005 37.385283736000076))",26235.0,no-damage,1.0,emsr648,AOI17
1,36.8514957,37.3883750,"POLYGON ((36.85197869700005 37.38806009000007, 36.851881339000045 37.38770573900007, 36.85082791700006 37.38871597200006, 36.85092786400003 37.38876376300004, 36.85092944400003 37.38876451200008, 36.85125059300003 37.38891808000005, 36.852024923000045 37.38822843000003, 36.85197869700005 37.38806009000007))",5620.8,no-damage,1.0,emsr648,AOI17
1,36.8483058,37.3885775,"POLYGON ((36.84846030700004 37.38822155100007, 36.84845996300004 37.388221059000045, 36.84793164400003 37.38844464500005, 36.848017199000026 37.38872422700007, 36.84801870700005 37.38872995400004, 36.84801995500004 37.38873741400005, 36.84803276800005 37.38884947200006, 36.84836639200006 37.38894726700005, 36.84855676700005 37.38865989300007, 36.848558807000074 37.38865694900005, 36.84856410000003 37.38865031900008, 36.84857009700005 37.38864408300003, 36.84857515700003 37.38863958700006, 36.84858058300006 37.38863537100008, 36.84873353900008 37.38852426700004, 36.84871627200005 37.38850815200004, 36.84871559700008 37.38850751700005, 36.848710151000034 37.388501903000076, 36.84846615200007 37.38822880300006, 36.84846030700004 37.38822155100007))",3347.5,no-damage,1.0,emsr648,AOI17
1,36.8564235,37.3883813,"POLYGON ((36.85622964000004 37.388011359000075, 36.85511679600006 37.387725042000056, 36.85494715100003 37.388131514000065, 36.85643569000007 37.388555850000046, 36.856436322000036 37.388556032000054, 36.85644154600004 37.38855766700004, 36.857093846000055 37.38877696700007, 36.85710646100006 37.388781969000036, 36.857109180000066 37.38878326300005, 36.85785141400004 37.389147697000055, 36.857887937000044 37.38916402700005, 36.858132074000025 37.38887333200006, 36.85773644400007 37.38870844100006, 36.85700344700007 37.388443789000064, 36.85699353900003 37.38843973100006, 36.856985026000075 37.388435393000066, 36.85622964000004 37.388011359000075))",11956.8,no-damage,1.0,emsr648,AOI17
1,36.8502041,37.3889731,"POLYGON ((36.850598744000024 37.38881648200004, 36.85040518100004 37.38872387200007, 36.84977846700008 37.38903703300008, 36.84993229400004 37.38917290000006, 36.84993500400003 37.389175383000065, 36.84993550200005 37.38917586100007, 36.85001346200005 37.38925104000003, 36.85044896900007 37.388974407000035, 36.85045314300004 37.38897188000004, 36.850666438000076 37.38884884600003, 36.85060033600007 37.38881723700007, 36.850598744000024 37.38881648200004))",1906.3,no-damage,1.0,emsr648,AOI17
1,36.8537014,37.3886631,"POLYGON ((36.85407355500007 37.38807393900004, 36.853775334000034 37.38798928400007, 36.85360633400006 37.38840189300004, 36.85342153300007 37.388852996000026, 36.85328851200006 37.389177662000066, 36.85371805300008 37.389275145000056, 36.85407355500007 37.38807393900004))",4650.2,no-damage,1.0,emsr648,AOI17
1,36.8570557,37.3890959,"POLYGON ((36.856998185000066 37.388940354000056, 36.85645929000003 37.38875918000008, 36.85638132100007 37.38891242100004, 36.85760108000005 37.38944366000004, 36.85774785700005 37.38930796400007, 36.85773899900005 37.38930400300006, 36.857737738000026 37.38930343100003, 36.857735020000064 37.38930213800006, 36.856998185000066 37.388940354000056))",2681.8,no-damage,1.0,emsr648,AOI17
1,36.8448936,37.3867127,"POLYGON ((36.84610223400006 37.38955538300007, 36.84621364800006 37.38942149800005, 36.84657103400008 37.389530602000036, 36.84655522700007 37.38916650700003, 36.846505695000076 37.388858362000065, 36.846505007000076 37.388852643000064, 36.84650477800005 37.38884690000003, 36.846505207000064 37.38883904700003, 36.84650649300005 37.388831254000024, 36.846508947000075 37.388822643000026, 36.84655084700006 37.38870304300008, 36.84655348800004 37.38869648300005, 36.846558677000075 37.38868688100007, 36.84663553300004 37.38856470200005, 36.84670063900006 37.38830905900005, 36.846925240000076 37.38742686300003, 36.846928271000024 37.38741754100005, 36.84696749200003 37.387318941000046, 36.84689541200004 37.38714216900007, 36.84667366100007 37.38729885600003, 36.84667138400005 37.38730042200007, 36.846663568000054 37.387305207000054, 36.846655260000034 37.38730943100006, 36.846654440000066 37.38730980500003, 36.846551661000035 37.387356243000056, 36.84648644600003 37.38787007800005, 36.846485305000044 37.38787664600005, 36.846483173000024 37.38788432000007, 36.84648021100003 37.387891817000025, 36.846479841000075 37.387892617000034, 36.84631434100004 37.38824501700003, 36.84631151700006 37.38825047900008, 36.846128117000035 37.38857457900008, 36.84612299300005 37.38858255100007, 36.846117700000036 37.38858918100004, 36.846111703000076 37.38859541700003, 36.84610504800003 37.388601212000026, 36.84609778500004 37.38860652200003, 36.84608996900005 37.388611307000076, 36.84608166100003 37.38861553100003, 36.846072923000065 37.388619160000076, 36.846063822000076 37.38862216800004, 36.84605442600008 37.38862453200005, 36.846044809000034 37.388626233000025, 36.84603504200004 37.38862725900003, 36.84602520000004 37.38862760200004, 36.846015358000045 37.38862725900003, 36.84600559100005 37.388626233000025, 36.84599597400006 37.38862453200005, 36.845986578000065 37.38862216800004, 36.845977477000076 37.388619160000076, 36.84596873900006 37.38861553100003, 36.84596043100004 37.388611307000076, 36.845952615000044 37.38860652200003, 36.84594535200006 37.388601212000026, 36.845938697000065 37.38859541700003, 36.84593270000005 37.38858918100004, 36.84592740700003 37.38858255100007, 36.84592285800005 37.388575579000076, 36.84591908800007 37.38856831700008, 36.84591612600008 37.388560820000066, 36.84591399400006 37.38855314600005, 36.84591270800007 37.38854535300004, 36.84591227800007 37.38853750000004, 36.84591270800007 37.38852964700004, 36.84591399400006 37.38852185400003, 36.84591612600008 37.38851418000007, 36.84591908800007 37.38850668300006, 36.84592228300005 37.38850042100006, 36.84610415900005 37.38817901500005, 36.846263227000065 37.38784031100005, 36.84631193400003 37.38745655100007, 36.84614145100005 37.387516051000034, 36.84613482100008 37.38751816800004, 36.84612756000007 37.387520058000064, 36.84612015600004 37.38752155100008, 36.846008651000034 37.38754086600005, 36.84577817700006 37.38812304000004, 36.845776611000076 37.388126717000034, 36.84577284200003 37.38813397900003, 36.84576829300005 37.388140951000025, 36.845763000000034 37.388147581000055, 36.845757003000074 37.388153817000045, 36.845750347000035 37.38815961200004, 36.84574308400005 37.388164922000044, 36.845735269000045 37.38816970700003, 36.845726961000025 37.38817393100004, 36.84571822300006 37.38817756000003, 36.84570912100003 37.38818056800005, 36.84569972600008 37.38818293200006, 36.84569010900003 37.38818463300004, 36.84568034200004 37.388185659000044, 36.84567050000004 37.388186002000054, 36.84566065800004 37.388185659000044, 36.84565089100005 37.38818463300004, 36.84564127400006 37.38818293200006, 36.84563187900005 37.38818056800005, 36.845622777000074 37.38817756000003, 36.845614039000054 37.38817393100004, 36.845605731000035 37.38816970700003, 36.84559791600003 37.388164922000044, 36.845590653000045 37.38815961200004, 36.84558399700006 37.388153817000045, 36.845578000000046 37.388147581000055, 36.84557270700003 37.388140951000025, 36.84556815800005 37.38813397900003, 36.84556438900006 37.388126717000034, 36.845561426000074 37.38811922000008, 36.845559294000054 37.38811154600006, 36.84555800800007 37.38810375300005, 36.84555757900006 37.38809590000005, 36.84555800800007 37.38808804700005, 36.845559294000054 37.388080254000045, 36.84556082200004 37.38807446000004, 36.84556282300008 37.38806876000007, 36.84575219200008 37.38759042000004, 36.84543712200008 37.38767787300003, 36.845435602000066 37.38767830000006, 36.84542870000007 37.38768002000006, 36.84542812400008 37.38768013200007, 36.845427726000025 37.38768023200004, 36.84542640500007 37.38768046600006, 36.84542167400008 37.387681385000064, 36.84511195400006 37.38773320400003, 36.84495608700007 37.38783635300007, 36.84494850300007 37.38784095500006, 36.84494046000003 37.38784503100004, 36.84493172200007 37.38784866000003, 36.84492262100008 37.38785166800005, 36.844913226000074 37.387854032000064, 36.84490360900003 37.38785573300004, 36.84489384200003 37.387856759000044, 36.844884000000036 37.387857102000055, 36.84487415800004 37.387856759000044, 36.844864391000044 37.38785573300004, 36.844854774000055 37.387854032000064, 36.84484537900005 37.38785166800005, 36.84483627800006 37.38784866000003, 36.84482754000004 37.38784503100004, 36.84481923100003 37.38784080700003, 36.84481141600003 37.387836022000045, 36.84480415300004 37.38783071200004, 36.84479749800005 37.387824917000046, 36.84479150100003 37.387818681000056, 36.84478620800007 37.387812051000026, 36.844781659000034 37.38780507900003, 36.844777889000056 37.387797817000035, 36.84477492700006 37.38779032000008, 36.84477279500004 37.38778264600006, 36.844771509000054 37.38777485300005, 36.844771079000054 37.38776700000005, 36.844771509000054 37.387759147000054, 36.84477279500004 37.387751354000045, 36.84477492700006 37.38774368000003, 36.844777889000056 37.38773618300007, 36.844781659000034 37.387728921000075, 36.84478620800007 37.387721949000024, 36.84479150100003 37.38771531900005, 36.84479749800005 37.38770908300006, 36.84480415300004 37.38770328800007, 36.844811665000066 37.387697812000056, 36.84498931300004 37.38758024700007, 36.844996897000044 37.38757564500003, 36.845004940000024 37.387571569000045, 36.84501367800004 37.387567940000054, 36.84502277900003 37.38756493100004, 36.84503042400007 37.38756295400003, 36.84503822700003 37.38756141500005, 36.84526195500007 37.38752398300005, 36.84521850100003 37.38737734100005, 36.84509544900004 37.387060793000046, 36.84509209600003 37.38704974600006, 36.845090896000045 37.38704270200003, 36.845090396000046 37.38703560400006, 36.84508449600003 37.38675370400006, 36.84508448100007 37.386752200000046, 36.845084910000026 37.38674434700005, 36.84508619600007 37.38673655400004, 36.84508856900004 37.38672817600008, 36.845200969000075 37.386403976000054, 36.84520373000004 37.38639709700004, 36.84535743400005 37.386062243000026, 36.845382751000045 37.38563950300005, 36.84530607600004 37.385564231000046, 36.84530070000005 37.38555850200004, 36.84529591100005 37.38555245100008, 36.84529136200007 37.38554547900003, 36.845287592000034 37.38553821700003, 36.84528463000004 37.38553072000008, 36.845282498000074 37.38552304600006, 36.84528122300003 37.38551535400006, 36.84522749200005 37.385031570000024, 36.845102317000055 37.384750481000026, 36.844399499000076 37.384290571000065, 36.84439851900004 37.38428992200005, 36.84439409400005 37.38428679800006, 36.84417373000008 37.384122830000024, 36.84386334800007 37.38446425800004, 36.84370672800003 37.38461162200008, 36.843254073000026 37.38445314200004, 36.84303280900008 37.38504814100003, 36.84337796900007 37.385134977000064, 36.84364302900008 37.38558332400004, 36.843455633000076 37.38586604100004, 36.843620549000036 37.38605503800005, 36.844002200000034 37.38587601200004, 36.84422307900007 37.38630209100006, 36.84431708500006 37.386775931000045, 36.84356785600005 37.38695540600003, 36.84349973900004 37.38707975500006, 36.84367936900003 37.38744387200006, 36.843913361000034 37.387412374000064, 36.844197991000044 37.38780384900008, 36.844450109000036 37.387765527000056, 36.84551409200003 37.388178363000065, 36.84541527600004 37.388498465000055, 36.84482875400005 37.388630840000076, 36.84503925200005 37.38910680300006, 36.845326397000065 37.38909773100005, 36.84534149900003 37.38888340400007, 36.84584610600007 37.38910720400003, 36.845757684000034 37.38937742200005, 36.84610223400006 37.38955538300007))",71706.5,no-damage,1.0,emsr648,AOI17
1,36.8506088,37.3892643,"POLYGON ((36.851090387000056 37.38905156000004, 36.85087721700006 37.388949625000066, 36.85058758100007 37.38911669500004, 36.850160849000076 37.38938775400004, 36.850400673000024 37.389602386000035, 36.851090387000056 37.38905156000004))",2230.1,major-damage,1.0,emsr648,AOI17
1,36.8486054,37.3892001,"POLYGON ((36.84892058400004 37.38924664500007, 36.849118582000074 37.38911050200005, 36.84926300500007 37.38898902400007, 36.84889884200004 37.38867845900006, 36.84889544600003 37.388675428000056, 36.848880343000076 37.388661324000054, 36.848747211000045 37.38875802800004, 36.84851993400008 37.389101107000045, 36.848517894000054 37.38910405100006, 36.84851260100004 37.389110681000034, 36.84850660400008 37.389116917000024, 36.84849994900003 37.38912271200007, 36.84849268500005 37.38912802200008, 36.84848487000005 37.38913280700007, 36.84847656100004 37.389137031000075, 36.84846782300008 37.389140660000066, 36.84845872200003 37.38914366800003, 36.848449327000026 37.38914603200004, 36.84843970900005 37.38914773300007, 36.84842994200005 37.38914875900008, 36.848420100000055 37.38914910200003, 36.84841025800006 37.38914875900008, 36.84840049100006 37.38914773300007, 36.84839087300003 37.38914603200004, 36.848381319000055 37.38914362200006, 36.848055489000046 37.38904811200007, 36.84805592300006 37.38905570000003, 36.84805592400005 37.389560774000074, 36.84859238900003 37.38962536400004, 36.84864049600003 37.389611890000026, 36.84870011000004 37.38955501000004, 36.848772772000075 37.38940392000006, 36.848776274000045 37.389397415000076, 36.84878040600006 37.38939114900006, 36.84878423600003 37.389386227000045, 36.84878845500003 37.389381513000046, 36.84890455500005 37.38926021300006, 36.84890779600005 37.38925698300005, 36.84891392800006 37.38925160800005, 36.84892058400004 37.38924664500007))",5685.4,no-damage,1.0,emsr648,AOI17
1,36.8550568,37.3889965,"POLYGON ((36.854560321000065 37.38856696300007, 36.854185881000035 37.38847849600006, 36.85393550100008 37.38932450900006, 36.854664928000034 37.38949016300006, 36.854666595000026 37.38949053500005, 36.85499017800004 37.389563932000044, 36.85499792200005 37.38956593200004, 36.85499914700006 37.389566294000076, 36.855475281000054 37.38970956500003, 36.85580755600006 37.389309344000026, 36.85613841900005 37.388910758000065, 36.85624874900003 37.38869391900005, 36.85487923300008 37.38830351300004, 36.854778501000055 37.38857268100003, 36.854776412000035 37.38857771700003, 36.85477264200006 37.38858497900003, 36.854768093000075 37.38859195100008, 36.85476280000006 37.38859858100005, 36.85475680300004 37.388604817000044, 36.85475014800005 37.388610612000036, 36.854742885000064 37.38861592200004, 36.85473506900007 37.38862070700003, 36.85472676100005 37.38862493100004, 36.85471802300003 37.38862856000003, 36.85470892200004 37.38863156800005, 36.85469952600005 37.38863393200006, 36.85468990900006 37.388635633000035, 36.85468014200006 37.38863665900004, 36.854670300000066 37.38863700200005, 36.85466045800007 37.38863665900004, 36.854650691000074 37.388635633000035, 36.85464107400003 37.38863393200006, 36.85463167800003 37.38863156800005, 36.85462257700004 37.38862856000003, 36.854613839000024 37.38862493100004, 36.85460553100006 37.38862070700003, 36.85459771500007 37.38861592200004, 36.854590452000025 37.388610612000036, 36.85458379700003 37.388604817000044, 36.85457780000007 37.38859858100005, 36.85457250700006 37.38859195100008, 36.854567958000075 37.38858497900003, 36.85456418800004 37.38857771700003, 36.854561226000044 37.38857022000008, 36.854560321000065 37.38856696300007))",19567.5,no-damage,1.0,emsr648,AOI17
1,36.8567594,37.3894787,"POLYGON ((36.85745772800004 37.38958652800005, 36.85627569700006 37.38907172100005, 36.85605954600004 37.38933211500006, 36.857168010000066 37.389891145000036, 36.85745772800004 37.38958652800005))",4515.0,major-damage,1.0,emsr648,AOI17
1,36.8589027,37.3893813,"POLYGON ((36.858684039000025 37.38895192600006, 36.858402187000024 37.38887062900005, 36.85840211200008 37.388870817000054, 36.85839834300003 37.38887807900005, 36.85839379400005 37.388885051000045, 36.85838980800003 37.38889015800004, 36.85808559800006 37.38925238300004, 36.859787297000025 37.390012916000046, 36.85990478700006 37.38989801800005, 36.859025417000055 37.38929491700003, 36.85912282000004 37.38902246600003, 36.858684039000025 37.38895192600006))",6784.1,no-damage,1.0,emsr648,AOI17
1,36.8563470,37.3899005,"POLYGON ((36.85703097100003 37.39003521600006, 36.85593479900007 37.389482384000075, 36.855678400000045 37.38979121500006, 36.85677013800006 37.39030941300007, 36.85703097100003 37.39003521600006))",4495.8,no-damage,1.0,emsr648,AOI17
1,36.8499513,37.3897927,"POLYGON ((36.84957660800006 37.38924782600003, 36.849419769000065 37.389119005000055, 36.84934244800007 37.38918404300006, 36.84941106000008 37.38926112100006, 36.849411502000066 37.389261619000024, 36.84953926000003 37.38940512000005, 36.84954499400004 37.38941224900003, 36.84954912200004 37.38941850800006, 36.84955262100004 37.38942500700006, 36.84965874200003 37.389645564000034, 36.84987274200006 37.38986127800007, 36.84987761700006 37.38986657800007, 36.84988199500003 37.38987214900004, 36.84988654400007 37.389879121000035, 36.84989031400005 37.38988638300003, 36.84989064800004 37.38988712500003, 36.85011764800004 37.390398627000025, 36.85028988300007 37.39019696100007, 36.850296695000054 37.39018978300004, 36.85030203300005 37.39018505700005, 36.85045648400006 37.39005764800004, 36.85006739800008 37.38969185600007, 36.84957660800006 37.38924782600003))",3502.8,no-damage,1.0,emsr648,AOI17
1,36.8513400,37.3897788,"POLYGON ((36.85206382200005 37.389517166000076, 36.85129006400007 37.389147054000034, 36.85054823300004 37.38973950400003, 36.85076602300006 37.38995099600004, 36.851344235000056 37.39048679600006, 36.85170336900006 37.390228758000035, 36.85206382200005 37.389517166000076))",10864.6,no-damage,1.0,emsr648,AOI17
1,36.8473328,37.3894844,"POLYGON ((36.847406928000055 37.38847662000006, 36.84690114800003 37.388426664000065, 36.84685386000007 37.388612343000034, 36.846851886000024 37.38861884700003, 36.846849312000074 37.388625217000026, 36.84684412300004 37.38863481900006, 36.84676541600004 37.38875994000006, 36.84673261800003 37.38885356000003, 36.84677990500006 37.38914773700003, 36.846780755000054 37.38915608000008, 36.84680568300007 37.38973020200007, 36.846870581000076 37.39014926800007, 36.846959851000065 37.390361952000035, 36.84708795600005 37.39047457400005, 36.84733046100007 37.390514394000036, 36.847583056000076 37.39050993300003, 36.84796811000007 37.390499076000026, 36.847885338000026 37.39015824000006, 36.84788499100006 37.39015674600006, 36.84788367600004 37.39014868000004, 36.84783050600004 37.38964615300006, 36.84783047700006 37.389645880000046, 36.84783007600004 37.38963830000006, 36.847830077000026 37.389059813000074, 36.847814346000064 37.38892259700003, 36.84781430700008 37.38892225300003, 36.84779580800006 37.38876046100006, 36.84771168000003 37.38848554200007, 36.847416820000035 37.388477246000036, 36.847406928000055 37.38847662000006))",20214.3,no-damage,1.0,emsr648,AOI17
1,36.8589927,37.3900057,"POLYGON ((36.860043748000066 37.39033407900007, 36.857948951000026 37.38939785900004, 36.85779737900003 37.38953798800003, 36.859842686000036 37.39058913300005, 36.860043748000066 37.39033407900007))",5742.4,no-damage,1.0,emsr648,AOI17
1,36.8559578,37.3903669,"POLYGON ((36.85663408800008 37.39045452200003, 36.85554863900006 37.38993937400005, 36.855276281000044 37.39023203700003, 36.856306722000056 37.39080781900003, 36.85663408800008 37.39045452200003))",4966.2,no-damage,1.0,emsr648,AOI17
1,36.8495144,37.3903346,"POLYGON ((36.849454078000065 37.38972299300008, 36.84937427500006 37.38955713300004, 36.849293199000044 37.38988777900005, 36.849277278000045 37.39010954100007, 36.84928529800004 37.39024432700006, 36.84928542500006 37.390248600000064, 36.84928499500006 37.39025645300006, 36.849283709000076 37.39026424600007, 36.849281577000056 37.39027192000003, 36.84927861400007 37.390279417000045, 36.849278027000025 37.39028067500004, 36.84919744800004 37.39044945300003, 36.84929901700008 37.39087161000003, 36.84933030600007 37.390954857000054, 36.849790100000064 37.39064392100005, 36.84979976900007 37.390638093000064, 36.849949725000045 37.39055741900006, 36.84994466100005 37.39054808100008, 36.84994218500003 37.39054311700005, 36.84994185200003 37.39054237500005, 36.84968401400005 37.38996138500005, 36.84947095800004 37.389746622000075, 36.84946608300004 37.38974132100003, 36.84946170500007 37.389735751000046, 36.849457578000056 37.38972949200007, 36.849454078000065 37.38972299300008))",5372.8,no-damage,1.0,emsr648,AOI17
1,36.8522362,37.3899561,"POLYGON ((36.85258054600007 37.389884589000076, 36.85273138700006 37.38962194900006, 36.85288401500003 37.389313790000074, 36.85242413000003 37.38928686700007, 36.85230939200005 37.389513271000055, 36.851902997000025 37.39031556400005, 36.85189979300003 37.390321303000064, 36.851896096000075 37.390326851000054, 36.85189080200007 37.39033348100003, 36.851884805000054 37.390339717000074, 36.851879533000044 37.39034438900006, 36.85187386600006 37.39034875600004, 36.85149778400006 37.39061897100004, 36.85175262200005 37.390823254000054, 36.851894756000036 37.39070656800004, 36.852380382000035 37.389816447000044, 36.85258054600007 37.389884589000076))",4961.6,no-damage,1.0,emsr648,AOI17
1,36.8568592,37.3907765,"POLYGON ((36.857150244000024 37.39071091400007, 36.856827603000056 37.39054880100008, 36.85655829800004 37.39083943800006, 36.85690923200008 37.391002542000024, 36.857150244000024 37.39071091400007))",1371.5,no-damage,1.0,emsr648,AOI17
1,36.8585386,37.3903526,"POLYGON ((36.85972244000004 37.39074168600007, 36.857653750000054 37.38967852300004, 36.85736037500004 37.389986985000064, 36.85948965500006 37.39103705000008, 36.85972244000004 37.39074168600007))",8961.0,no-damage,1.0,emsr648,AOI17
1,36.8506380,37.3906717,"POLYGON ((36.85078850600007 37.39036202400007, 36.850604686000054 37.39019459300005, 36.850471080000034 37.39030480500003, 36.85021893700008 37.39060003600008, 36.850442626000074 37.39101227900005, 36.850587645000076 37.39117072700003, 36.85112602100003 37.39067031400003, 36.85078850600007 37.39036202400007))",4535.1,no-damage,1.0,emsr648,AOI17
1,36.8555394,37.3907864,"POLYGON ((36.85617240600004 37.390952768000034, 36.85514158700005 37.39037677300007, 36.85490814600007 37.390627617000064, 36.85594782000004 37.391195097000036, 36.85617240600004 37.390952768000034))",3796.1,no-damage,1.0,emsr648,AOI17
1,36.8530327,37.3899561,"POLYGON ((36.852468904000034 37.39051153400004, 36.85280744000005 37.39065605500008, 36.853634165000074 37.38944345900006, 36.85312492200006 37.389327888000025, 36.85312001700004 37.38932760100005, 36.85294032000007 37.389690416000064, 36.85293795800004 37.38969483600005, 36.852468904000034 37.39051153400004))",5853.0,no-damage,1.0,emsr648,AOI17
1,36.8467537,37.3906807,"POLYGON ((36.847381050000024 37.39111251300005, 36.84739658600006 37.391013788000066, 36.84734386100007 37.39092080100005, 36.84701790100007 37.39068070500008, 36.847010811000075 37.39067499400005, 36.846945445000074 37.39061742400003, 36.84677667900007 37.39046905400005, 36.84677379500005 37.39046641700003, 36.84676779700004 37.39046018100004, 36.846762504000026 37.390453551000064, 36.846757955000044 37.39044657900007, 36.846754185000066 37.39043931700007, 36.84675322100003 37.390437114000065, 36.84665282100008 37.390197913000065, 36.84665045400004 37.39019149100005, 36.84664869100004 37.39018494600003, 36.84664782800007 37.39018034900005, 36.84661587100004 37.389973990000044, 36.846096200000034 37.39018758100008, 36.84627590000008 37.39033600000005, 36.846688965000055 37.391169588000025, 36.84691866900005 37.39110108700004, 36.84706128200003 37.39126294000005, 36.847237043000064 37.39120709500003, 36.847381050000024 37.39111251300005))",6381.7,no-damage,1.0,emsr648,AOI17
1,36.8581801,37.3908092,"POLYGON ((36.85936941700004 37.391189601000065, 36.857223213000054 37.390131189000044, 36.85696355400006 37.39040415200003, 36.85736818000004 37.390607458000034, 36.85913026700007 37.391493008000054, 36.85936941700004 37.391189601000065))",8739.8,no-damage,1.0,emsr648,AOI17
1,36.8564610,37.3912359,"POLYGON ((36.85678470400006 37.39115321200006, 36.856423232000054 37.39098521100004, 36.85642290200008 37.39098556600004, 36.856134257000065 37.391297017000056, 36.856500238000024 37.391497377000064, 36.856505424000034 37.39149110000005, 36.85678470400006 37.39115321200006))",1691.6,no-damage,1.0,emsr648,AOI17
1,36.8535205,37.3904792,"POLYGON ((36.85448087000003 37.38963572000006, 36.853856809000035 37.38949400000007, 36.852578609000034 37.391368784000065, 36.85296496300003 37.39160235800006, 36.85436594200007 37.38984742500003, 36.85448087000003 37.38963572000006))",12580.9,no-damage,1.0,emsr648,AOI17
1,36.8487056,37.3904815,"POLYGON ((36.84907007700008 37.38985919900006, 36.849198872000045 37.38933395000004, 36.84917635900007 37.38930865900005, 36.84907691500007 37.38937703700003, 36.84897780700004 37.38948058400007, 36.84890422800004 37.389633580000066, 36.84890072600007 37.38964008500005, 36.84889659500004 37.38964635100007, 36.848891356000024 37.38965291900007, 36.84888542600004 37.38965910100006, 36.84879376500004 37.38974655900006, 36.848787049000066 37.389752412000064, 36.84877978600008 37.38975772200007, 36.84877197000003 37.38976250700006, 36.84876366200007 37.389766731000066, 36.84875492400005 37.38977036000006, 36.84874582200007 37.38977336800008, 36.84874460100008 37.389773717000025, 36.84864070100008 37.38980281700003, 36.84863190000004 37.38980496500005, 36.84862290900003 37.38980653300007, 36.84861314200003 37.389807559000076, 36.848603300000036 37.38980790200003, 36.848594852000076 37.38980765000008, 36.848586451000074 37.38980689400006, 36.84806755400007 37.38974441900007, 36.848108215000025 37.39012870400006, 36.848214960000064 37.39056824900007, 36.84823358400007 37.39064484100004, 36.848484445000054 37.390993655000045, 36.84848718600006 37.39099770100006, 36.848734372000024 37.391386054000066, 36.84903277400008 37.39154979500006, 36.84923492300004 37.391645020000055, 36.849243202000025 37.391350431000035, 36.84916353400007 37.39113848300008, 36.84908103400005 37.39091898200007, 36.84907829900004 37.390910087000066, 36.84896960000003 37.39045828600007, 36.84896929100006 37.39045694600003, 36.848968005000074 37.39044915300008, 36.848967575000074 37.39044130000008, 36.848968005000074 37.39043344700008, 36.84896929100006 37.39042565400007, 36.84897142300008 37.39041798000005, 36.848974385000076 37.39041048300004, 36.848974973000054 37.39040922500004, 36.84905858500008 37.39023409400005, 36.84905140300003 37.39011337300008, 36.84905127600007 37.390109100000075, 36.849051461000045 37.39010394700006, 36.84906816100005 37.38987134700005, 36.84906969200006 37.38986085400006, 36.84907007700008 37.38985919900006))",13769.8,no-damage,1.0,emsr648,AOI17
1,36.8542503,37.3906995,"POLYGON ((36.85492387600004 37.38973623700008, 36.85469999400004 37.38968545600005, 36.85456962100005 37.38992561300006, 36.85456379500005 37.38993485100008, 36.854561244000024 37.38993820600007, 36.85315053700003 37.391705331000026, 36.853456479000045 37.39185956000006, 36.853466610000055 37.391864729000076, 36.85385571200004 37.39145628000006, 36.85465683500007 37.39059538600003, 36.85502573700006 37.39019898400005, 36.85533994900004 37.38986134700008, 36.85492387600004 37.38973623700008))",11826.4,no-damage,1.0,emsr648,AOI17
1,36.8514603,37.3913702,"POLYGON ((36.851378047000026 37.390896894000036, 36.85127705100007 37.39080659700005, 36.850739479000026 37.39130626300005, 36.851412174000075 37.39177033400006, 36.85159021800007 37.39186627600003, 36.85204849400003 37.39162801300006, 36.85221610700006 37.39147003200003, 36.85203587400008 37.39135505200005, 36.85180167400006 37.39120972500007, 36.85179841300004 37.391207622000024, 36.85179431100005 37.391204738000056, 36.85138561000008 37.39090303800003, 36.851378047000026 37.390896894000036))",7505.2,no-damage,1.0,emsr648,AOI17
1,36.8498606,37.3913184,"POLYGON ((36.85024037000005 37.391093098000056, 36.85004099300005 37.390725659000054, 36.84993117800008 37.390784738000036, 36.84940109900003 37.39114320400006, 36.849464666000074 37.39131231600004, 36.849467711000045 37.391322554000055, 36.84946899600004 37.391330347000064, 36.84946942600004 37.391338200000064, 36.84946939800005 37.391340220000075, 36.849457882000024 37.39175002800005, 36.84974998200005 37.39188752300004, 36.850433973000065 37.39130838500006, 36.850252803000046 37.391110438000055, 36.85024620300004 37.39110235100003, 36.85024037000005 37.391093098000056))",6710.4,no-damage,1.0,emsr648,AOI17
1,36.8580531,37.3913610,"POLYGON ((36.859010771000044 37.391645925000034, 36.85734139400006 37.39080696800005, 36.857103496000036 37.39109482900005, 36.858800648000056 37.39191718200004, 36.859010771000044 37.391645925000034))",6454.1,no-damage,1.0,emsr648,AOI17
1,36.8549596,37.3914168,"POLYGON ((36.855813451000074 37.391340091000075, 36.85477340400007 37.39077240700004, 36.854106192000074 37.39148940100006, 36.85514323500007 37.39206334000005, 36.855813451000074 37.391340091000075))",11102.7,no-damage,1.0,emsr648,AOI17
1,36.8577311,37.3918091,"POLYGON ((36.858681915000034 37.392070482000065, 36.85697907400004 37.39124537200007, 36.85675702800006 37.39151401600003, 36.85844571200005 37.392375497000046, 36.858681915000034 37.392070482000065))",6679.9,no-damage,1.0,emsr648,AOI17
1,36.8507364,37.3918017,"POLYGON ((36.85026222600004 37.39171656600007, 36.85090287300005 37.39217978700003, 36.85119175600005 37.39185649700005, 36.85058848400007 37.391440319000026, 36.85026222600004 37.39171656600007))",3161.8,possibly-damaged,0.0,emsr648,AOI17
1,36.8543359,37.3920716,"POLYGON ((36.85501110300004 37.392209525000055, 36.853970478000065 37.39163360300006, 36.85365835700003 37.39196124400007, 36.85475063500007 37.392504753000026, 36.85501110300004 37.392209525000055))",4839.5,no-damage,1.0,emsr648,AOI17
1,36.8512103,37.3923984,"POLYGON ((36.851450198000066 37.39200827700006, 36.85137143500003 37.391965834000075, 36.85082631600005 37.39257587800006, 36.85093910900008 37.39262967500008, 36.851279774000034 37.392673245000026, 36.85139043200007 37.39268001100004, 36.851431630000036 37.392058045000056, 36.851433188000044 37.39204715400007, 36.851435321000054 37.39203948000005, 36.85143828300005 37.39203198300004, 36.85143967500005 37.39202908800007, 36.851450198000066 37.39200827700006))",2298.8,no-damage,1.0,emsr648,AOI17
1,36.8483490,37.3917622,"POLYGON ((36.84883578600005 37.39273473000003, 36.84959699400008 37.39202473600005, 36.84928703600008 37.39187883300008, 36.84928610400004 37.39187839600004, 36.84891458800007 37.39170338900004, 36.84890801000006 37.391700040000046, 36.84858271000007 37.39152154000004, 36.84857411200005 37.39151632200003, 36.848566849000065 37.39151101200008, 36.848560193000026 37.39150521700003, 36.848554196000066 37.39149898100004, 36.84854890300005 37.39149235100007, 36.84854601400008 37.39148809900007, 36.848287120000066 37.391081350000036, 36.848028355000054 37.39072154400003, 36.84802389200007 37.39071467100007, 36.84802018500005 37.39070751700007, 36.84801747600005 37.39070076300004, 36.848015442000076 37.390693861000045, 36.84801162600007 37.39067816600004, 36.84759028800005 37.39069004600003, 36.84758879900005 37.39069008000007, 36.84736886300004 37.390693965000025, 36.847513899000035 37.390800795000075, 36.847519017000025 37.390804813000045, 36.84752380600003 37.39080908300008, 36.84752980300004 37.39081531900007, 36.84753509600006 37.39082194900004, 36.84754018600006 37.39082986000005, 36.84761548600005 37.39096266000007, 36.84761871500007 37.39096898300005, 36.84762167800005 37.39097648000006, 36.84762381000007 37.39098415400008, 36.84762509600006 37.39099194700003, 36.84762552600006 37.39099980000003, 36.84762464600004 37.39101102500007, 36.847599546000026 37.391170525000064, 36.84759871000006 37.391174946000035, 36.84759657800004 37.39118262000005, 36.84759361600004 37.391190117000065, 36.84758984600006 37.39119737900006, 36.84758529700008 37.391204351000056, 36.847580004000065 37.39121098100003, 36.84757400600006 37.391217217000076, 36.847567351000066 37.39122301200007, 36.84756008700003 37.391228322000075, 36.847559269000044 37.39122886500007, 36.84736696900006 37.39135516500005, 36.847359535000066 37.39135965000003, 36.84735166300004 37.39136363100005, 36.84734445000004 37.39136668200007, 36.84733697900003 37.39136930900003, 36.84719480800004 37.39141448100003, 36.84730942600004 37.391544562000036, 36.84764343000006 37.391464804000066, 36.84800424300005 37.392015032000074, 36.84855003800004 37.392053582000074, 36.84896424900006 37.39230433700004, 36.84874509900004 37.39244341700004, 36.848452456000075 37.39233078900003, 36.84799831300006 37.39222237300004, 36.84780563500004 37.39237624000003, 36.84821861900008 37.39266989500004, 36.84882704100005 37.392744192000066, 36.84882909500004 37.39274161900005, 36.84883509200006 37.39273538300006, 36.84883578600005 37.39273473000003))",18701.8,no-damage,1.0,emsr648,AOI17
1,36.8520908,37.3925319,"POLYGON ((36.85212579200004 37.392372366000075, 36.85165382800005 37.39211801300007, 36.851615707000065 37.39269354800007, 36.852866504000076 37.392761231000065, 36.852881602000025 37.39267556600004, 36.852537848000054 37.39254856200006, 36.85253204500003 37.392546254000024, 36.852135744000066 37.39237715400003, 36.852132536000056 37.39237573100007, 36.85212579200004 37.392372366000075))",3825.3,major-damage,1.0,emsr648,AOI17
1,36.8556625,37.3921484,"POLYGON ((36.85637588800006 37.39164784500008, 36.855999894000036 37.391442003000066, 36.85526048500003 37.392239923000034, 36.85494328800007 37.39259945200007, 36.85542857000007 37.39283541200007, 36.85569490100005 37.39247204800006, 36.85569521800005 37.392471615000034, 36.85569842600006 37.39246749600005, 36.85609812700005 37.391983896000056, 36.85637588800006 37.39164784500008))",7062.7,no-damage,1.0,emsr648,AOI17
1,36.8573615,37.3923203,"POLYGON ((36.85832740300003 37.39252903300007, 36.85663268700006 37.39166447300005, 36.85662547600003 37.39167320000007, 36.856345447000024 37.392011996000065, 36.85800776700006 37.392997775000026, 36.85832740300003 37.39252903300007))",9492.6,no-damage,1.0,emsr648,AOI17
1,36.8569155,37.3927917,"POLYGON ((36.857898757000044 37.393157658000064, 36.85622091100004 37.39216267100005, 36.85594920500006 37.39249141000005, 36.857761038000035 37.393442668000034, 36.857889331000024 37.39317320400005, 36.857892279000055 37.393167591000065, 36.857895695000025 37.393162149000034, 36.857898757000044 37.393157658000064))",7218.1,no-damage,1.0,emsr648,AOI17
1,36.8522686,37.3931633,"POLYGON ((36.85285756300004 37.39294136600006, 36.851618038000026 37.392874292000045, 36.85165703400003 37.39336242500008, 36.85246097700008 37.39342968900007, 36.852465702000075 37.39343016500004, 36.85290254200004 37.393481647000044, 36.85285756300004 37.39294136600006))",6181.8,no-damage,1.0,emsr648,AOI17
1,36.8537286,37.3932892,"POLYGON ((36.853703239000026 37.39295146100005, 36.85308444100008 37.392947649000064, 36.85313114100006 37.39350857900007, 36.85370104500004 37.393575688000055, 36.85436206800006 37.39364732800004, 36.85439518100003 37.39329152800008, 36.85439658700005 37.39328255400005, 36.85439821400007 37.39327643900003, 36.854400369000075 37.39327042900004, 36.85443008400006 37.39319725000007, 36.853703239000026 37.39295146100005))",7125.3,no-damage,1.0,emsr648,AOI17
1,36.8502268,37.3930686,"POLYGON ((36.85039645200004 37.39249537500007, 36.849786764000044 37.39212495400005, 36.84901773800004 37.39284224100004, 36.84890630800004 37.393037022000044, 36.84887696900006 37.39323755100003, 36.85047562800003 37.39369498900004, 36.85047612400007 37.39369513100007, 36.850551100000075 37.39371659200003, 36.85105806800004 37.39381253800008, 36.85142284500006 37.393808138000054, 36.85142570600004 37.393781939000064, 36.85143737100003 37.393445722000024, 36.85139064100008 37.39286075700005, 36.85125787100003 37.39285263900007, 36.85124862600003 37.392851767000025, 36.850881926000056 37.39280486600006, 36.850880190000055 37.392804633000026, 36.850870572000076 37.39280293200005, 36.85086117600008 37.39280056800004, 36.850852074000045 37.392797560000076, 36.850843336000025 37.39279393100003, 36.850841857000034 37.392793238000024, 36.850606834000075 37.39268113600008, 36.85060535700006 37.392680437000024, 36.850600815000064 37.392678070000045, 36.850598527000045 37.392676907000066, 36.85059820400005 37.39267670900006, 36.85059782600007 37.392676513000026, 36.85059071100005 37.39267212200008, 36.85058413100006 37.392667353000036, 36.85058378200006 37.39266705700004, 36.850583448000066 37.39266681200007, 36.850581662000025 37.39266525700003, 36.85057804200005 37.39266218500006, 36.85039645200004 37.39249537500007))",25000.5,no-damage,1.0,emsr648,AOI17
1,36.8522767,37.3937238,"POLYGON ((36.85243505400007 37.39360871300005, 36.85165991200006 37.39354385900003, 36.85165138700006 37.393789593000065, 36.851651004000075 37.39379492000006, 36.85164899000006 37.393813367000064, 36.85296319300005 37.39388502800006, 36.85292448700005 37.393666393000046, 36.85243505400007 37.39360871300005))",3141.7,no-damage,1.0,emsr648,AOI17
1,36.8536884,37.3938319,"POLYGON ((36.85366871200006 37.393754037000065, 36.85315744600007 37.39369383300004, 36.85319312200005 37.39389534800006, 36.85430677100004 37.393929408000076, 36.854332061000036 37.39382593500005, 36.85366999900003 37.393754182000066, 36.85366871200006 37.393754037000065))",1695.0,no-damage,1.0,emsr648,AOI17
1,36.8566649,37.3932938,"POLYGON ((36.85767885000007 37.39361523800005, 36.85583008000003 37.39264458500003, 36.85561841300006 37.39293337100003, 36.857009352000034 37.39369805800004, 36.85748817800004 37.39394092900005, 36.85765695500004 37.39366118500004, 36.85767885000007 37.39361523800005))",7717.4,no-damage,1.0,emsr648,AOI17
1,36.8495682,37.3936972,"POLYGON ((36.85029936900003 37.39383599700005, 36.84885465600007 37.39342260800004, 36.848840634000055 37.39355609100005, 36.850251341000046 37.39396758700008, 36.85029936900003 37.39383599700005))",1985.6,no-damage,1.0,emsr648,AOI17
1,36.8551495,37.3936540,"POLYGON ((36.85483078800007 37.39333278600003, 36.854638831000045 37.393267853000054, 36.85461941400007 37.39331567000005, 36.85458519900004 37.39368332400005, 36.85553217100005 37.393902567000055, 36.85553541400003 37.393903360000024, 36.85611127000004 37.394051776000026, 36.85589008200003 37.393894257000056, 36.855297360000066 37.39353412400004, 36.85483078800007 37.39333278600003))",3888.1,no-damage,1.0,emsr648,AOI17
1,36.8594176,37.3932463,"POLYGON ((36.86082046100006 37.393048333000024, 36.86108033800008 37.39264719500005, 36.86107105600007 37.39264386200006, 36.86050346300004 37.39244003500005, 36.860539000000074 37.392408775000035, 36.860541312000066 37.39240674100006, 36.86053221100008 37.39240373300004, 36.86052347200007 37.392400104000046, 36.860519339000064 37.39239810500004, 36.86006318300008 37.39216666100003, 36.85941061600005 37.39296088100008, 36.85855363200005 37.39261313600008, 36.85817013700006 37.393175530000065, 36.85812389200004 37.39324336900006, 36.85794886000008 37.39361099300004, 36.85794830000003 37.39361218200003, 36.857892494000055 37.393729294000025, 36.85788869000004 37.393736354000055, 36.857707609000045 37.394036494000034, 36.85785095500006 37.39410433000006, 36.85801513300004 37.39414050200003, 36.85815702800005 37.39414171000004, 36.858297091000054 37.39412718700004, 36.85964251300004 37.39380124500008, 36.86068832300003 37.39351354900003, 36.86068386200003 37.39350373600007, 36.86080386900005 37.393305730000066, 36.860926876000065 37.393102774000056, 36.86082046100006 37.393048333000024))",34117.8,no-damage,1.0,emsr648,AOI17
1,36.8522739,37.3941256,"POLYGON ((36.85297951100006 37.394066542000076, 36.851629381000066 37.39399292200005, 36.851628050000045 37.39400511100007, 36.85163978500003 37.39421486800006, 36.851934339000024 37.39421891100005, 36.85297547000005 37.39423316800003, 36.85297951100006 37.394066542000076))",2565.0,no-damage,1.0,emsr648,AOI17
1,36.8509928,37.3940707,"POLYGON ((36.851402396000026 37.39399537700007, 36.851403136000044 37.393988601000046, 36.85104740700007 37.39399289200003, 36.85104570000004 37.393992902000036, 36.851035857000056 37.393992559000026, 36.85102609000006 37.393991533000076, 36.851019636000046 37.39399047000006, 36.85051321200007 37.393894626000076, 36.85046395100005 37.39402959800003, 36.85114022700003 37.39422682400004, 36.851287193000076 37.39424347900007, 36.85141439000006 37.39422723300004, 36.85140208200005 37.39400721800007, 36.85140197000004 37.39400320000004, 36.851402396000026 37.39399537700007))",1810.7,no-damage,1.0,emsr648,AOI17
1,36.8537335,37.3941679,"POLYGON ((36.854285954000034 37.394109108000066, 36.85320518300006 37.39407605400004, 36.853201299000034 37.39423625300003, 36.85428560100007 37.39425102400003, 36.854285954000034 37.394109108000066))",1607.7,no-damage,1.0,emsr648,AOI17
1,36.8544059,37.3928865,"POLYGON ((36.85331742200003 37.39209763000008, 36.85315536000007 37.392359019000025, 36.85288789400005 37.39226450500007, 36.85308093800006 37.39197477400006, 36.85293548200008 37.39189920700005, 36.852930472000025 37.39189644800007, 36.85248317200006 37.39163564800003, 36.85248065400003 37.39163413600005, 36.852394434000075 37.391580858000054, 36.85221019100004 37.39175451600005, 36.85220367800008 37.39176015000004, 36.85219658800003 37.391765322000026, 36.85218565100007 37.391771790000064, 36.85179335600003 37.39197574800005, 36.852247387000034 37.39222043600006, 36.85263569500006 37.392386126000076, 36.85305054000003 37.39253939500003, 36.85376999300007 37.392778315000044, 36.85377066800004 37.39277854100004, 36.854613474000075 37.39306354300004, 36.85492388000006 37.39316854500004, 36.854933524000046 37.39317224700005, 36.85541252300004 37.39337894700003, 36.85541526500003 37.39338016900007, 36.855421368000066 37.393383191000055, 36.855427219000035 37.39338651700007, 36.856030419000035 37.39375301700005, 36.856034590000036 37.39375567800005, 36.85603720000006 37.39375748000003, 36.85653976400005 37.39411537900003, 36.857004337000035 37.39429315900003, 36.85701196500003 37.394296369000074, 36.85701924800003 37.39430002600005, 36.85702616000003 37.39430411400008, 36.85739882900003 37.39454260800005, 36.85758734600006 37.39449124400005, 36.857676490000074 37.394436435000046, 36.85755683800005 37.39427621600004, 36.857433042000025 37.394224533000056, 36.85742893500003 37.39422273100007, 36.85742145900008 37.394218969000065, 36.857143895000036 37.39406684900007, 36.85668300900005 37.39384053400005, 36.85667958100004 37.393838782000046, 36.855852682000034 37.39339918200005, 36.85536848500004 37.39314178400008, 36.85494965000004 37.39291915000007, 36.85416268900008 37.39252102700004, 36.853365050000036 37.39212235700006, 36.853363382000055 37.39212150700007, 36.85331742200003 37.39209763000008))",20287.0,no-damage,1.0,emsr648,AOI17
1,36.8557763,37.3943488,"POLYGON ((36.855467600000054 37.394075256000065, 36.85455299300003 37.39386350600006, 36.854512009000075 37.39403119200006, 36.85451144700005 37.39425718500007, 36.854635587000075 37.39426086000003, 36.854643327000076 37.394261302000075, 36.854651010000055 37.39426216700008, 36.85466124000004 37.39426400000008, 36.855302117000065 37.394404086000065, 36.85576553300007 37.39447867700005, 36.85577376400005 37.39448026100007, 36.855781825000065 37.39448233200005, 36.855790927000044 37.394485340000074, 36.85579966500006 37.394488969000065, 36.85580390600006 37.39449102300006, 36.85609960600004 37.39464142300005, 36.85610569100004 37.39464474500005, 36.856111491000036 37.394648378000056, 36.85612056000008 37.39465516200005, 36.85633097400006 37.39483090300007, 36.856361624000044 37.39483851600005, 36.85714914600004 37.39461383200006, 36.85689496200007 37.39445116400003, 36.85644405100004 37.39427861300004, 36.85614277900004 37.39424766500008, 36.85613759000006 37.394247033000056, 36.856129974000055 37.394245744000045, 36.85612248700005 37.394244040000046, 36.855467600000054 37.394075256000065))",9359.3,no-damage,1.0,emsr648,AOI17
1,36.8536502,37.3946398,"POLYGON ((36.85460685000004 37.394676727000046, 36.85461650000008 37.39467639800006, 36.854626343000064 37.39467674100007, 36.85463611000006 37.394677767000076, 36.85463707100007 37.39467790500004, 36.85535627000007 37.394784205000065, 36.85536836400007 37.39478654900006, 36.856086048000066 37.39495955700005, 36.85615936000005 37.39494845100006, 36.85596667500005 37.394787518000044, 36.85570023900004 37.39465200200004, 36.855253667000056 37.394580123000026, 36.855246161000025 37.39457870000007, 36.85461415900005 37.39444055400003, 36.85439415500008 37.39443404200006, 36.85430908500007 37.394431574000066, 36.85308426700004 37.394414889000075, 36.85204973500004 37.39440072200006, 36.85205288100008 37.39446743800005, 36.85213192100008 37.39470616600005, 36.852290950000054 37.39505072700007, 36.85243196400006 37.39499217400004, 36.85243862200008 37.39498962700003, 36.852445475000025 37.39498743200005, 36.852450082000075 37.39498618300007, 36.85331978100004 37.39476698300007, 36.85332692800006 37.394765386000074, 36.853334190000055 37.39476416700006, 36.853344151000044 37.39476312700003, 36.85460685000004 37.394676727000046))",12362.7,no-damage,1.0,emsr648,AOI17
1,36.8586211,37.3946220,"POLYGON ((36.859183261000055 37.394662022000034, 36.85896543200005 37.39422567100007, 36.85857714800005 37.39431087600008, 36.858575863000056 37.39431115200006, 36.858283063000044 37.39437245200003, 36.85827401000006 37.39437403300008, 36.858269731000064 37.394374568000046, 36.85808313100006 37.39439496800003, 36.85807548300005 37.39439559300007, 36.85806780000007 37.394395802000076, 36.85795520000005 37.394395802000076, 36.85794535700006 37.394395459000066, 36.85793559000007 37.39439443300006, 36.85792504200003 37.39439253000006, 36.85790297400007 37.394387651000045, 36.85791941300005 37.39440966300003, 36.85853529800005 37.395097348000036, 36.85855490000006 37.395093700000075, 36.85899008300004 37.39486975900007, 36.859183261000055 37.394662022000034))",6074.4,no-damage,1.0,emsr648,AOI17
1,36.8496580,37.3943713,"POLYGON ((36.85020228700006 37.39414514900005, 36.84889442800005 37.393763652000075, 36.84905962300007 37.39419949200004, 36.849204963000034 37.39440611400005, 36.84992163900006 37.39498201600003, 36.84992575200005 37.394985501000065, 36.850147924000055 37.39518409400006, 36.85016330600007 37.394997999000054, 36.85013847700003 37.394544532000054, 36.850138369000035 37.39454060000003, 36.850138608000066 37.39453474000004, 36.850139324000054 37.39452890500007, 36.85020228700006 37.39414514900005))",8476.0,no-damage,1.0,emsr648,AOI17
1,36.8507707,37.3948348,"POLYGON ((36.85137324800007 37.39458131300006, 36.85142495000008 37.39441693500004, 36.85142447900006 37.39440844400008, 36.85130605100005 37.39442357000007, 36.851297153000075 37.394424419000075, 36.851288200000056 37.39442470200004, 36.85128024000005 37.394424478000076, 36.85127231900003 37.39442380700007, 36.851096719000054 37.394403907000026, 36.85109299000004 37.394403433000036, 36.85108337100007 37.39440173200006, 36.85107390300004 37.394399347000046, 36.850419672000044 37.39420855100008, 36.85036455300008 37.39454451100005, 36.850389224000025 37.394995067000025, 36.85038933200008 37.39499900000004, 36.85038908700005 37.39500492900004, 36.85035947500006 37.39536319000007, 36.85057868600006 37.39550249000007, 36.85075447100007 37.39551284400005, 36.850891672000046 37.39549118100007, 36.85102761200005 37.395101917000034, 36.85103027900004 37.395095283000046, 36.851033280000024 37.395089366000036, 36.85103679800005 37.39508363300007, 36.85137324800007 37.39458131300006))",8805.8,no-damage,1.0,emsr648,AOI17
1,36.8516086,37.3950118,"POLYGON ((36.85182356800004 37.39439762200004, 36.85164982900005 37.394395237000026, 36.85165132000003 37.39442211700003, 36.85165143100005 37.39442610000003, 36.85165100100005 37.39443395300003, 36.851649715000065 37.39444174600004, 36.85164803500004 37.394448031000024, 36.85158893500005 37.39463593100004, 36.85158552100006 37.39464481700003, 36.85158252000008 37.39465073400004, 36.85157900100006 37.39465646600007, 36.85124185500007 37.39515982800003, 36.851090887000055 37.39559212100005, 36.85109059400003 37.395592968000074, 36.85105798200004 37.39568648000005, 36.851081720000025 37.39567357900006, 36.85152558600004 37.395314437000025, 36.85153340900007 37.39530867800005, 36.85154122500006 37.39530389300006, 36.85154953400007 37.39529966900005, 36.85155775700008 37.39529623300007, 36.85156630600005 37.39529334700006, 36.85207001900005 37.395142460000045, 36.85208896700004 37.39513459300008, 36.85191805200003 37.394764276000046, 36.851914914000076 37.39475631200003, 36.85183131400004 37.39450381200004, 36.851829285000065 37.39449644600006, 36.85182820400007 37.39449033900007, 36.85182764900003 37.394484187000046, 36.85182356800004 37.39439762200004))",4856.5,no-damage,1.0,emsr648,AOI17
1,36.8492855,37.3946268,"POLYGON ((36.85056470600006 37.396610714000076, 36.85073376500003 37.39644687500004, 36.85082461500008 37.39645347900006, 36.850793976000034 37.39628040000008, 36.85079314400008 37.39627411600003, 36.85079286600006 37.39626780000003, 36.85079287100007 37.39626695700008, 36.85079746500003 37.39587570000003, 36.85079747200007 37.395874837000065, 36.850798773000065 37.395768918000044, 36.850799246000065 37.39576150800008, 36.85080048300006 37.39575415400003, 36.850802901000066 37.39574564600008, 36.850823846000026 37.39568559000003, 36.850783324000076 37.39569198800007, 36.85078101100004 37.395692333000056, 36.850771243000054 37.39569335900006, 36.85076140000007 37.395693702000074, 36.850753085000065 37.39569345800004, 36.850527285000055 37.39568015800006, 36.85051598900003 37.39567903300008, 36.85050637100005 37.39567733200005, 36.850496975000055 37.39567496800004, 36.85048787300008 37.39567196000007, 36.85047913400007 37.395668331000024, 36.85047201100008 37.395664761000035, 36.85046524200004 37.395660779000025, 36.85017254100006 37.39547477900004, 36.85017030800003 37.39547332200004, 36.850164274000065 37.39546897800005, 36.850163606000024 37.39546842200008, 36.850163045000045 37.39546801200004, 36.85016160300006 37.395466756000076, 36.85015864800005 37.395464299000025, 36.849759246000076 37.39510728500005, 36.849033861000066 37.39452438300003, 36.849027490000026 37.39451881700006, 36.84902149200008 37.394512580000026, 36.84901619900006 37.39450595100004, 36.849015518000044 37.39450499700007, 36.84885661800007 37.39427909700004, 36.848852461000035 37.39427258100005, 36.84884898000007 37.394265817000075, 36.84884700400005 37.394261081000025, 36.84861280500007 37.39364318100007, 36.84861248100003 37.393642096000065, 36.84861181800005 37.393640420000054, 36.84860968600003 37.39363274600004, 36.848608400000046 37.39362495300003, 36.848607970000046 37.39361710000003, 36.848608365000075 37.39360957400004, 36.848608400000046 37.39360924700003, 36.84864186500005 37.39329067400007, 36.84864190400003 37.39329034700006, 36.84864192600003 37.39329019500008, 36.84864223300008 37.39328775300004, 36.84868403300004 37.39300205300003, 36.84868498700007 37.392996854000046, 36.84868711900003 37.39298918000003, 36.848690082000076 37.39298168300007, 36.84869346700003 37.392975086000035, 36.84871913000006 37.39293022800007, 36.84835913200004 37.39277260100005, 36.84806992800003 37.39285317700006, 36.84816154600003 37.393098061000046, 36.84797152500005 37.393158982000045, 36.84808757300004 37.39349015100004, 36.84838607900008 37.39402493800003, 36.848508508000066 37.394327417000056, 36.85023170000005 37.395904700000074, 36.850499753000065 37.39600745400003, 36.85024886700006 37.396420173000024, 36.85056470600006 37.396610714000076))",16460.2,no-damage,1.0,emsr648,AOI17
1,36.8536352,37.3955749,"POLYGON ((36.852761100000066 37.39633840000005, 36.852743383000075 37.39608885200005, 36.852629266000065 37.396004435000066, 36.85180729800004 37.39600738200005, 36.85168492100007 37.39610649800005, 36.85145733300004 37.39596525400003, 36.85173757200005 37.395570949000046, 36.85197313800006 37.39569445400008, 36.85260995400006 37.395372200000054, 36.85343413700008 37.39502950100007, 36.85392004800008 37.39502044100004, 36.85453172100006 37.39505539100003, 36.85494142600004 37.395098594000046, 36.85490272200008 37.39540787300007, 36.855551423000065 37.39553491200007, 36.85619860000003 37.39553220000005, 36.85701049700003 37.39511824400006, 36.85687533300006 37.39488333200006, 36.85642772400007 37.395011037000074, 36.85633775300005 37.39508733900004, 36.85632809100008 37.395094622000045, 36.85632027500003 37.39509940700003, 36.85631196600008 37.39510363100004, 36.85630322700007 37.39510726000003, 36.85629412500003 37.39511026800005, 36.85628544300005 37.395112477000055, 36.85627656500003 37.39511412100006, 36.85610096500005 37.395140721000075, 36.856099510000035 37.39514093300005, 36.85608974300004 37.39514195900006, 36.856079900000054 37.39514230200007, 36.85607005700007 37.39514195900006, 36.85606029000007 37.39514093300005, 36.85604723700004 37.39513845100004, 36.85530900200007 37.39496048900003, 36.85461094000004 37.394857313000045, 36.85337590100005 37.39494182100003, 36.85252750400008 37.39515565100004, 36.852281434000076 37.39525782700008, 36.85216823300004 37.395304827000075, 36.852155795000044 37.39530925300005, 36.851668963000066 37.39545508300006, 36.851234814000065 37.39580636300008, 36.85122699200008 37.39581212200005, 36.851217976000044 37.39581756800004, 36.85102277500005 37.39592364900005, 36.85101880800005 37.396261888000026, 36.85105569800004 37.39647027700005, 36.85138991400004 37.39649457200005, 36.85151637600006 37.39625246300005, 36.851813047000064 37.39632939000006, 36.852050349000024 37.39664909800007, 36.852761100000066 37.39633840000005))",23436.8,no-damage,1.0,emsr648,AOI17
1,36.8410143,37.3917477,"POLYGON ((36.841951566000034 37.39218453600006, 36.842183239000065 37.391758554000035, 36.84198536900004 37.39164621400005, 36.841880927000034 37.39159268700007, 36.84156797800006 37.39199234400007, 36.84079740000004 37.39165420000006, 36.84006389800004 37.391334579000045, 36.839921455000024 37.39167001000004, 36.84042620400004 37.39190471300003, 36.84056568600005 37.39174087200007, 36.84057259300005 37.391733583000075, 36.84057924900003 37.391727788000026, 36.84058651200007 37.39172247800008, 36.840594328000066 37.39171769300003, 36.840602637000075 37.391713469000024, 36.84061137500004 37.39170984000003, 36.84062047700007 37.39170683200007, 36.84062987200008 37.39170446800006, 36.84063949000006 37.39170276700003, 36.84065116600004 37.39170162000005, 36.84077216600008 37.391694820000055, 36.840780100000075 37.39169459800007, 36.84078994200007 37.391694941000026, 36.840799710000056 37.39169596700003, 36.840809328000034 37.39169766800006, 36.84081872300004 37.391700032000074, 36.84081951600007 37.391700264000065, 36.84095781600007 37.39174136400004, 36.840965855000036 37.39174404000005, 36.840973613000074 37.39174720200003, 36.841951566000034 37.39218453600006))",4438.0,no-damage,1.0,emsr648,AOI17
1,36.8424657,37.3921880,"POLYGON ((36.842700912000055 37.39205245800008, 36.84237135600006 37.39186535500005, 36.84214960400004 37.39227309800003, 36.84267249100003 37.39250693200006, 36.842700912000055 37.39205245800008))",2064.8,no-damage,1.0,emsr648,AOI17
1,36.8398083,37.3922340,"POLYGON ((36.84031715100008 37.39206257700005, 36.83982088700003 37.39183182000005, 36.839678830000025 37.39200586900006, 36.83967070700004 37.39201461700003, 36.839664052000046 37.39202041200008, 36.83965678800007 37.39202572200003, 36.839648089000036 37.392030996000074, 36.839339291000044 37.39220004300006, 36.83941587700008 37.392408577000026, 36.83958901300008 37.39265529000005, 36.84001486100004 37.39243632600005, 36.84020841500006 37.392264100000034, 36.84023558800004 37.39221384900003, 36.84031715100008 37.39206257700005))",4274.0,no-damage,1.0,emsr648,AOI17
1,36.8411494,37.3922907,"POLYGON ((36.84087080300003 37.39190780400003, 36.840763620000075 37.39187595200008, 36.84072171400004 37.39187830700007, 36.840559874000064 37.392068410000036, 36.84048067500004 37.39221529800005, 36.840789277000056 37.392375119000064, 36.84149313300003 37.392739524000035, 36.841841404000036 37.392341851000026, 36.84087080300003 37.39190780400003))",5507.5,no-damage,1.0,emsr648,AOI17
1,36.8401354,37.3926843,"POLYGON ((36.84056203700004 37.39247227200008, 36.840382383000076 37.392379231000064, 36.84017287800003 37.39256565200003, 36.84016733000004 37.39257025000006, 36.84016138900006 37.392574522000075, 36.84014997300005 37.39258123700006, 36.83970927300004 37.39280783800007, 36.839704564000044 37.39281013100003, 36.839699231000054 37.39281234600003, 36.83980926000004 37.392969134000055, 36.83997616900007 37.39289138500004, 36.839976636000074 37.39289116900005, 36.84029008400006 37.392745201000025, 36.84056203700004 37.39247227200008))",1699.1,no-damage,1.0,emsr648,AOI17
1,36.8412246,37.3930410,"POLYGON ((36.84146034200006 37.39293736600007, 36.84075236900003 37.39257082900008, 36.840520678000075 37.392803350000065, 36.84122559800005 37.39329635000007, 36.84151674900005 37.39342484600007, 36.84179551300008 37.39349789400006, 36.84181729100004 37.39340666100003, 36.841831941000066 37.39325550700005, 36.84174360500003 37.39309361100004, 36.84146034200006 37.39293736600007))",5014.9,no-damage,1.0,emsr648,AOI17
1,36.8441209,37.3933193,"POLYGON ((36.84448180900006 37.39345017100004, 36.844230727000024 37.393003373000056, 36.84406842100003 37.39308953200003, 36.84374578200004 37.393260801000054, 36.84370517900004 37.39328552600006, 36.84408826400005 37.39359807100004, 36.84448180900006 37.39345017100004))",2392.6,no-damage,1.0,emsr648,AOI17
1,36.8422561,37.3930190,"POLYGON ((36.842658338000035 37.39270718200004, 36.84203939400004 37.39243039200005, 36.84168077600003 37.392839880000054, 36.84189851900004 37.39295998500006, 36.84190688900003 37.39296507800003, 36.84191415300006 37.39297038800004, 36.841920808000054 37.39297618300003, 36.84192680600006 37.39298241900008, 36.841932099000076 37.39298904900005, 36.84193784200005 37.39299813500003, 36.842050243000074 37.393204135000076, 36.84205281900006 37.39320928300003, 36.842055781000056 37.393216780000046, 36.842057913000076 37.39322445400006, 36.84205919900006 37.39323224700007, 36.84205962900006 37.39324010000007, 36.842059293000034 37.393247047000045, 36.842041993000066 37.39342554700005, 36.84204061400004 37.39343424600003, 36.842040335000036 37.393435457000066, 36.84201427800008 37.393544621000046, 36.84257349000006 37.39363367000004, 36.842658338000035 37.39270718200004))",7007.2,no-damage,1.0,emsr648,AOI17
1,36.8411184,37.3935753,"POLYGON ((36.84108586100007 37.39343825700007, 36.84076577600007 37.393214398000055, 36.84117381900006 37.39383042800006, 36.84124933000004 37.393888178000054, 36.841342775000044 37.39355400100004, 36.841105638000045 37.39344934400003, 36.84110383500007 37.39344853100005, 36.84109552600006 37.39344430700004, 36.84108771000007 37.39343952200005, 36.84108586100007 37.39343825700007))",1113.0,no-damage,1.0,emsr648,AOI17
1,36.8391328,37.3930603,"POLYGON ((36.84012459000007 37.39378719500007, 36.83966909700007 37.393138254000064, 36.83966836800005 37.39313722300005, 36.83921256600007 37.39248771900003, 36.83920844000005 37.39248124000005, 36.83920498200007 37.39247451700004, 36.83920272900008 37.39246903700007, 36.83913155000005 37.39227522700003, 36.83877557400007 37.39236102900003, 36.83822261600005 37.39252537100003, 36.83861415500007 37.393374520000066, 36.839056939000045 37.39325385500007, 36.83957529800006 37.393935750000026, 36.84012459000007 37.39378719500007))",13525.3,no-damage,1.0,emsr648,AOI17
1,36.8406386,37.3935181,"POLYGON ((36.840550964000045 37.393275764000066, 36.84032167300006 37.392939143000035, 36.84018679800005 37.39300195200008, 36.84093713500005 37.39404631700006, 36.84106145100003 37.394129271000054, 36.841151280000076 37.39406281200007, 36.84100435400006 37.393950446000076, 36.84099599100006 37.39394331700004, 36.84098999300005 37.39393708000006, 36.840984700000035 37.393930451000074, 36.84098265600005 37.393927500000075, 36.840550964000045 37.393275764000066))",1752.3,no-damage,1.0,emsr648,AOI17
1,36.8443373,37.3938805,"POLYGON ((36.84468205400003 37.393806436000034, 36.84457423900005 37.39361462800008, 36.84416149200007 37.39376974500004, 36.844108842000026 37.39395284300008, 36.84414327500008 37.394221608000066, 36.844331914000065 37.39415767600008, 36.84431912000008 37.39412570500008, 36.84431705500003 37.39411987500006, 36.84431548500004 37.39411394600006, 36.84431406300007 37.394104784000035, 36.844305363000046 37.39400858400006, 36.844305070000075 37.39400210000008, 36.844305500000075 37.39399424700008, 36.84430678600006 37.39398645400007, 36.844308918000024 37.393978780000054, 36.84431188000008 37.39397128300004, 36.844315651000045 37.393964021000045, 36.84432020000003 37.39395704900005, 36.84432549300004 37.39395041900008, 36.84433149100005 37.39394418300003, 36.84433814600004 37.39393838800004, 36.844345410000074 37.39393307800003, 36.84435322600007 37.393928293000045, 36.844361535000075 37.393924069000036, 36.84436539500007 37.39392237000004, 36.84451229500007 37.39386067100003, 36.844523293000066 37.393856636000066, 36.84468205400003 37.393806436000034))",1512.7,no-damage,1.0,emsr648,AOI17
1,36.8403991,37.3937292,"POLYGON ((36.840751312000066 37.39415003000005, 36.83999173600006 37.39309280200007, 36.839919629000065 37.39312639000008, 36.840694935000045 37.394230950000065, 36.84081361500006 37.39430602200008, 36.84089189200006 37.39425104800006, 36.84077668000003 37.39417416900005, 36.84076934600006 37.39416881200003, 36.840762690000076 37.39416301700004, 36.84075669300006 37.39415678000006, 36.840751312000066 37.39415003000005))",1254.8,no-damage,1.0,emsr648,AOI17
1,36.8422320,37.3940352,"POLYGON ((36.842556917000024 37.39381478900003, 36.841972000000055 37.39372164700006, 36.84194619500005 37.39382964200007, 36.84189579100007 37.39424146700003, 36.842507401000034 37.394356464000055, 36.842556917000024 37.39381478900003))",3210.7,no-damage,1.0,emsr648,AOI17
1,36.8414659,37.3941198,"POLYGON ((36.84175288500006 37.39367639900007, 36.84155449800005 37.393624413000055, 36.84142612000005 37.39408352000004, 36.841425327000024 37.39408598000006, 36.841424982000035 37.394087220000074, 36.841424681000035 37.394087984000066, 36.84142429700006 37.394089171000076, 36.84142202000004 37.39409471700003, 36.84141825000006 37.39410197900003, 36.84141370100008 37.39410895100008, 36.841408407000074 37.39411558000006, 36.84140241000006 37.39412181700004, 36.841395754000075 37.394127612000034, 36.841393750000066 37.39412907700006, 36.84139268600006 37.39412996900006, 36.84114208600005 37.394315369000026, 36.84113991600003 37.39431693300003, 36.84099344900005 37.39441979700007, 36.84111324500003 37.39449559800005, 36.84123765800007 37.39449559800005, 36.84136762500003 37.39442439100003, 36.84136846600006 37.39442392800004, 36.84166651500004 37.39426058600003, 36.84172190500004 37.393808043000035, 36.84172308600006 37.39380115400007, 36.84172336800003 37.39379992600004, 36.84175288500006 37.39367639900007))",2422.2,no-damage,1.0,emsr648,AOI17
1,36.8454423,37.3943005,"POLYGON ((36.846022263000066 37.39485459800005, 36.845250770000064 37.39361730400003, 36.84488320200006 37.39372391300003, 36.84493575400006 37.393817418000026, 36.84493644300005 37.393818631000045, 36.845523021000076 37.39486227700007, 36.845625125000026 37.394940252000026, 36.846022263000066 37.39485459800005))",5651.4,no-damage,1.0,emsr648,AOI17
1,36.8422290,37.3946476,"POLYGON ((36.84249074600007 37.39453847300007, 36.841796543000044 37.39440794700005, 36.84164002600005 37.39449372400003, 36.842582993000065 37.39495276800005, 36.842635044000076 37.39495964400004, 36.84270194100003 37.39493943000008, 36.84250038400006 37.394581419000076, 36.84249728000003 37.39457531700003, 36.842494317000046 37.39456782000008, 36.842492185000026 37.39456014600006, 36.84249089900004 37.39455235300005, 36.84249046900004 37.39454450000005, 36.84249074600007 37.39453847300007))",2333.9,no-damage,1.0,emsr648,AOI17
1,36.8433770,37.3945380,"POLYGON ((36.84274160000007 37.39555370000005, 36.843510700000024 37.39540950000003, 36.84523890000003 37.39480540000005, 36.84524278600003 37.39480409200007, 36.84477456500008 37.39397102400005, 36.844612142000074 37.39402238200006, 36.84453595200006 37.394054383000025, 36.844538370000066 37.39408111500006, 36.84457837600007 37.394181084000024, 36.84483667200004 37.394825973000025, 36.844838743000025 37.39483181400004, 36.844840316000045 37.39483775400004, 36.84484160200003 37.394845547000045, 36.84484203100004 37.394853400000045, 36.84484160200003 37.394861253000045, 36.844840316000045 37.39486904600005, 36.844838183000036 37.39487672000007, 36.84483522100004 37.394884217000026, 36.84483145100006 37.39489147900008, 36.84482690200008 37.394898451000074, 36.844821608000075 37.39490508000006, 36.84481561100006 37.39491131700004, 36.844808955000076 37.39491711200003, 36.84480169100004 37.394922422000036, 36.84479387500005 37.39492720700008, 36.84478556600004 37.39493143100003, 36.84477682700003 37.39493506000008, 36.844767725000054 37.394938068000044, 36.84475832900006 37.394940432000055, 36.84474871000003 37.39494213300003, 36.84473894300004 37.394943159000036, 36.84472910000005 37.39494350200005, 36.844719257000065 37.394943159000036, 36.84470949000007 37.39494213300003, 36.844699871000046 37.394940432000055, 36.84469047500005 37.394938068000044, 36.84468137300007 37.39493506000008, 36.84467263400006 37.39493143100003, 36.84466432500005 37.39492720700008, 36.84465650900006 37.394922422000036, 36.84464924500003 37.39491711200003, 36.844642589000046 37.39491131700004, 36.84463659200003 37.39490508000006, 36.844631298000024 37.394898451000074, 36.84462674900004 37.39489147900008, 36.844622979000064 37.394884217000026, 36.84462152800006 37.394880827000065, 36.844400936000056 37.39433007200006, 36.84419013000007 37.39440151600007, 36.84445468000007 37.39496604500005, 36.844455021000044 37.39496678300003, 36.84445798400003 37.39497428000004, 36.84446011600005 37.39498195400006, 36.844461402000036 37.39498974700007, 36.844461832000036 37.39499760000007, 36.844461402000036 37.39500545300007, 36.84446011600005 37.395013246000076, 36.84445798400003 37.395020920000036, 36.844455021000044 37.39502841700005, 36.844451251000066 37.395035679000046, 36.84444670200003 37.39504265100004, 36.84444140800008 37.39504928000008, 36.84443541100006 37.39505551700006, 36.844428755000024 37.39506131200005, 36.84442149100005 37.39506662200006, 36.844413675000055 37.395071407000046, 36.844405366000046 37.395075631000054, 36.84439662700004 37.395079260000045, 36.84438752500006 37.39508226800007, 36.84437812900006 37.39508463200008, 36.84436851000004 37.39508633300005, 36.84435874300004 37.39508735900006, 36.84434890000006 37.39508770200007, 36.84433905700007 37.39508735900006, 36.844329290000076 37.39508633300005, 36.84431967100005 37.39508463200008, 36.844310275000055 37.39508226800007, 36.844301173000076 37.395079260000045, 36.84429243400007 37.395075631000054, 36.84428412500006 37.395071407000046, 36.844276309000065 37.39506662200006, 36.84426904500003 37.39506131200005, 36.84426238900005 37.39505551700006, 36.844256392000034 37.39504928000008, 36.84425109800003 37.39504265100004, 36.844246758000054 37.39503603500003, 36.844243120000044 37.39502915500003, 36.843940721000024 37.39438385500006, 36.84394038000005 37.394383117000075, 36.84393741700006 37.39437562000006, 36.84393528500004 37.394367946000045, 36.843934155000056 37.39436146200006, 36.843933993000064 37.394360154000026, 36.84388225500004 37.39395636200004, 36.84388167000003 37.39394720000007, 36.84388210000003 37.39393934700007, 36.84388338600007 37.39393155400006, 36.843884530000025 37.39392705100005, 36.84393983800004 37.39373471500005, 36.843704710000054 37.39354288100003, 36.84362388300008 37.394094918000064, 36.84363144300005 37.39425182600007, 36.84401388400005 37.39506194100005, 36.84401432100003 37.39506288300004, 36.844017284000074 37.39507038000005, 36.84401941600004 37.39507805400007, 36.84402070200008 37.395085847000075, 36.84402113200008 37.395093700000075, 36.84402070200008 37.395101553000075, 36.84401941600004 37.39510934600003, 36.844017284000074 37.39511702000004, 36.84401432100003 37.395124517000056, 36.84401055100005 37.39513177900005, 36.84400600200007 37.39513875100005, 36.84400070800007 37.39514538000003, 36.84399471100005 37.39515161700007, 36.84398805500007 37.39515741200006, 36.843980791000035 37.395162722000066, 36.84397297500004 37.39516750700005, 36.84396466600003 37.39517173100006, 36.843955927000025 37.39517536000005, 36.843946825000046 37.395178368000074, 36.84393742900005 37.39518073200003, 36.843927810000025 37.39518243300006, 36.84391804300003 37.395183459000066, 36.843908200000044 37.395183802000076, 36.84389835700006 37.395183459000066, 36.84388859000006 37.39518243300006, 36.84387897100004 37.39518073200003, 36.84386957500004 37.395178368000074, 36.84386047300006 37.39517536000005, 36.843851734000054 37.39517173100006, 36.843843425000045 37.39516750700005, 36.84383560900005 37.395162722000066, 36.84382834500008 37.39515741200006, 36.84382168900004 37.39515161700007, 36.84381569200008 37.39514538000003, 36.84381039800007 37.39513875100005, 36.84380611700004 37.39513223400007, 36.84380251600004 37.39512545900004, 36.84341361700007 37.394301659000064, 36.84341318000003 37.39430071700008, 36.84341021700004 37.394293220000066, 36.84340808500008 37.39428554600005, 36.84340700900003 37.394279476000065, 36.84340645300006 37.394273361000046, 36.843397853000056 37.39409486100004, 36.843397770000024 37.394091400000036, 36.84339853200004 37.39408094500004, 36.843501579000076 37.39337716000006, 36.84331490300008 37.39322488900007, 36.84316616900003 37.39414872000003, 36.843181335000054 37.394311248000065, 36.843650248000074 37.39525262300003, 36.84365142100006 37.39525508300005, 36.84365438400005 37.395262580000065, 36.84365651600007 37.395270254000025, 36.84365780200005 37.39527804700003, 36.84365823200005 37.39528590000003, 36.84365780200005 37.39529375300003, 36.84365651600007 37.39530154600004, 36.84365438400005 37.39530922000006, 36.84365142200005 37.39531671700007, 36.843647651000026 37.39532397900007, 36.843643102000044 37.39533095100006, 36.84363780900003 37.395337580000046, 36.84363181100008 37.395343817000025, 36.84362515500004 37.395349612000075, 36.843617891000065 37.395354922000024, 36.84361007500007 37.39535970700007, 36.84360176600006 37.39536393100008, 36.843593027000054 37.39536756000007, 36.843583925000075 37.39537056800003, 36.84357452900008 37.39537293200004, 36.843564910000055 37.395374633000074, 36.84355514300006 37.395375659000024, 36.84354530000007 37.395376002000035, 36.84353545700003 37.395375659000024, 36.843525690000035 37.395374633000074, 36.84351607100007 37.39537293200004, 36.84350667500007 37.39537056800003, 36.843497573000036 37.39536756000007, 36.84348883400003 37.39536393100008, 36.843480525000075 37.39535970700007, 36.843472709000025 37.395354922000024, 36.84346544500005 37.395349612000075, 36.84345878900007 37.395343817000025, 36.84345279100006 37.395337580000046, 36.843447498000046 37.39533095100006, 36.84344365700008 37.395325168000056, 36.84344035200007 37.39531917700003, 36.84296505300006 37.394364977000066, 36.84296388000007 37.39436251700005, 36.84296091700003 37.394355020000035, 36.842958785000064 37.394347346000075, 36.842957381000076 37.39433838900004, 36.84294008100005 37.39415298900008, 36.842939770000044 37.394146300000045, 36.842940000000056 37.39414054800005, 36.842940690000034 37.39413482000003, 36.84311362300008 37.39306070500004, 36.84287057800003 37.39286244500005, 36.84278943000004 37.39374855900007, 36.84278930600004 37.39374985300003, 36.84272303000006 37.39447497400005, 36.84272290700005 37.39447625300005, 36.84271811900004 37.39452836800007, 36.842956456000024 37.39495171800007, 36.84295711200008 37.39495287300008, 36.84314710700005 37.39529016400007, 36.84315022100003 37.39529628300005, 36.84315318400007 37.39530378000006, 36.843155316000036 37.39531145400008, 36.84315660200008 37.39531924700003, 36.84315703200008 37.39532710000003, 36.84315660200008 37.39533495300003, 36.843155316000036 37.39534274600004, 36.84315318400007 37.39535042000006, 36.84315022200008 37.39535791700007, 36.84314645100005 37.395365179000066, 36.84314190200007 37.39537215100006, 36.843136609000055 37.395378780000044, 36.84313061100005 37.39538501700008, 36.84312395500007 37.39539081200007, 36.843116691000034 37.39539612200008, 36.84310887500004 37.39540090700007, 36.84310056600003 37.395405131000075, 36.84309182700008 37.395408760000066, 36.843082725000045 37.39541176800003, 36.84307332900005 37.39541413200004, 36.843063710000024 37.39541583300007, 36.84305394300003 37.39541685900008, 36.84304410000004 37.39541720200003, 36.843034257000056 37.39541685900008, 36.84302449000006 37.39541583300007, 36.84301487100004 37.39541413200004, 36.84300547500004 37.39541176800003, 36.84299637300006 37.395408760000066, 36.84298763400005 37.395405131000075, 36.842979325000044 37.39540090700007, 36.84297150900005 37.39539612200008, 36.842964245000076 37.39539081200007, 36.84295758900004 37.39538501700008, 36.84295159100003 37.395378780000044, 36.84294629800007 37.39537215100006, 36.842941093000036 37.39536403500006, 36.84279467500005 37.39510410400004, 36.84268659800006 37.39513676200005, 36.842685225000025 37.395137168000076, 36.84267582900003 37.39513953200003, 36.84266621000006 37.39514123300006, 36.84265644300007 37.39514225900007, 36.84264660000008 37.39514260200008, 36.84263734500007 37.39514229900004, 36.84262815100004 37.39514139200003, 36.84252445100003 37.395127692000074, 36.84252329000003 37.39512753300005, 36.84251367100006 37.395125832000076, 36.84250427500007 37.395123468000065, 36.84249517300003 37.395120460000044, 36.84248643400008 37.39511683100005, 36.84248408000008 37.39511571600008, 36.84143602700004 37.39460551500008, 36.84133662900007 37.394659975000025, 36.84132916600004 37.39466373100004, 36.84132042700003 37.39466736000003, 36.84131132500005 37.39467036800005, 36.84130192900005 37.39467273200006, 36.84129231000003 37.394674433000034, 36.841282543000034 37.39467545900004, 36.84127270000005 37.39467580200005, 36.841073900000026 37.39467580200005, 36.84106405700004 37.39467545900004, 36.841054290000045 37.394674433000034, 36.84104467100008 37.39467273200006, 36.841035645000034 37.39467046100003, 36.84274160000007 37.39555370000005))",24531.5,no-damage,1.0,emsr648,AOI17
1,36.8478933,37.3752009,"POLYGON ((36.84819997300008 37.37546676200003, 36.84807975700005 37.374869208000064, 36.84758171900006 37.37494121300006, 36.84771289200006 37.37553494800005, 36.84793707400007 37.375499697000066, 36.84793929500006 37.37549936600004, 36.84794142900006 37.37549908300008, 36.84819997300008 37.37546676200003))",2961.6,no-damage,1.0,emsr648,AOI17
1,36.8465118,37.3754681,"POLYGON ((36.84603892000007 37.375814443000024, 36.84631529600006 37.375762251000026, 36.846318403000055 37.37577354600006, 36.846323866000034 37.37576878800007, 36.84633112700004 37.37576347700008, 36.846338942000045 37.37575869200003, 36.846347249000075 37.37575446900007, 36.84635598500006 37.375750839000034, 36.84636508500006 37.37574783100007, 36.846373397000036 37.37574570400005, 36.84637398000007 37.37574559300003, 36.846374479000076 37.37574546800005, 36.84637695500004 37.375745030000076, 36.84638188900004 37.37574409500007, 36.84721803000008 37.37561270800006, 36.84709330800007 37.37509446300004, 36.84645367300004 37.37531172200005, 36.84640984600003 37.37517262400007, 36.845740755000065 37.37537503600004, 36.84603892000007 37.375814443000024))",6340.4,no-damage,1.0,emsr648,AOI17
1,36.8480955,37.3758824,"POLYGON ((36.84833417900006 37.37603593800003, 36.848239310000054 37.375644247000025, 36.84797855700003 37.375676844000054, 36.847862959000054 37.37569502100007, 36.847963726000046 37.37614973700005, 36.84833417900006 37.37603593800003))",1637.5,no-damage,1.0,emsr648,AOI17
1,36.8471803,37.3763270,"POLYGON ((36.84785111100007 37.37667634600007, 36.84764136900003 37.37572985200006, 36.846497173000046 37.375909645000036, 36.846483962000036 37.375955084000054, 36.84675713000007 37.37694147600007, 36.847864480000055 37.37673671600004, 36.847851121000076 37.37667638500005, 36.84785111100007 37.37667634600007))",11863.2,no-damage,1.0,emsr648,AOI17
1,36.8557667,37.3737600,"POLYGON ((36.85617270300003 37.37376864100003, 36.85548584400004 37.37306645800004, 36.855396935000044 37.37312377300003, 36.855254443000035 37.373328565000065, 36.855067149000035 37.373610728000074, 36.855915408000044 37.374285229000066, 36.85664065900005 37.37423237000007, 36.85644569200008 37.37404778600006, 36.85617270300003 37.37376864100003))",8173.9,no-damage,1.0,emsr648,AOI17
1,36.8582227,37.3747193,"POLYGON ((36.85781460800007 37.37399174300003, 36.85727843300003 37.37369388400003, 36.85760519300004 37.37331386200003, 36.85614453900007 37.37242174600004, 36.855739011000026 37.372749197000076, 36.85639247700004 37.37341493800005, 36.85973129800004 37.37683662200004, 36.86069200500003 37.37636900500007, 36.860025076000056 37.37569137600008, 36.859576866000054 37.37590263300007, 36.85920437300007 37.37555252300007, 36.85959556600005 37.37524485500006, 36.858562009000025 37.374606173000075, 36.85781460800007 37.37399174300003))",42994.6,no-damage,1.0,emsr648,AOI17
1,36.8484670,37.3812676,"POLYGON ((36.84888167500003 37.381025729000044, 36.848774683000045 37.38085895900008, 36.84806006100007 37.381454715000075, 36.84822423300005 37.38166760200005, 36.84888167500003 37.381025729000044))",2105.0,no-damage,1.0,emsr648,AOI17
1,36.8491278,37.3820721,"POLYGON ((36.84865271700005 37.38177026400007, 36.848576653000066 37.38179208100007, 36.84862531300007 37.38186688600007, 36.848437388000036 37.38195777100003, 36.84875958600003 37.382406349000064, 36.84875976300003 37.38240659500008, 36.84894851100006 37.38266937800006, 36.84984799500006 37.38216882000006, 36.849544483000045 37.38177985800007, 36.84931464400006 37.38152742500006, 36.84865271700005 37.38177026400007))",8669.3,no-damage,1.0,emsr648,AOI17
1,36.8395960,37.3747135,"POLYGON ((36.84029742800004 37.37513594500007, 36.83994183000004 37.374560132000056, 36.839940424000076 37.374557768000045, 36.83963911200004 37.37403186300003, 36.83895375900005 37.37425569000004, 36.83894961400006 37.374256969000044, 36.838947088000054 37.374257675000024, 36.83893360600007 37.37426130500006, 36.83949622200004 37.37537816400004, 36.84029742800004 37.37513594500007))",9570.0,no-damage,1.0,emsr648,AOI17
1,36.8569076,37.3751186,"POLYGON ((36.85767561500006 37.37519830600007, 36.85735129100004 37.37489869800004, 36.856200380000075 37.37496172800007, 36.85622115000007 37.37528162500007, 36.857516936000025 37.37531465500007, 36.85767561500006 37.37519830600007))",4857.9,destroyed,1.0,emsr648,AOI17
1,36.8416817,37.3786596,"POLYGON ((36.84174277200003 37.377504497000075, 36.840889583000035 37.37781453300005, 36.84030604600008 37.37829969100005, 36.84069881600004 37.37879437500004, 36.84103601700008 37.37903733500008, 36.841817297000034 37.379357656000025, 36.841822154000056 37.379359769000075, 36.841829405000055 37.379363409000064, 36.84183629000006 37.37936747800006, 36.842179190000024 37.37958667800007, 36.842181176000054 37.37958797700003, 36.84218430300007 37.37959015000007, 36.842586004000054 37.37987983800008, 36.842806977000066 37.37981789100007, 36.84281469900003 37.37981597100003, 36.842822573000035 37.37981449700004, 36.84309348700003 37.379771901000026, 36.84302052400005 37.37964937900006, 36.843020169000056 37.379648780000025, 36.84263252900007 37.378998086000024, 36.84263217000006 37.378997480000066, 36.84174277200003 37.377504497000075))",29635.1,no-damage,1.0,emsr648,AOI17
1,36.8646268,37.3820332,"POLYGON ((36.865263335000066 37.38266208400006, 36.86507293000005 37.38212713300004, 36.86536187300004 37.38205366300008, 36.865341976000025 37.38197774500003, 36.86493259300005 37.381240700000035, 36.86380350300004 37.38154220600006, 36.864428184000076 37.38290549300007, 36.865263335000066 37.38266208400006))",15651.2,no-damage,1.0,emsr648,AOI17
1,36.8710051,37.3946352,"POLYGON ((36.87222872600006 37.396515210000075, 36.871672287000024 37.395574854000074, 36.87186907800003 37.39551198700008, 36.87152558900004 37.39497644800008, 36.87164840200006 37.39405823200008, 36.87081121600005 37.39395530200005, 36.87078768400005 37.39289923000007, 36.86970921400007 37.393062891000056, 36.870752081000035 37.39506266400008, 36.87112716100006 37.395748997000055, 36.871671830000025 37.39666077500004, 36.87222872600006 37.396515210000075))",30896.8,possibly-damaged,0.0,emsr648,AOI17
1,36.8688500,37.3848160,"POLYGON ((36.869880849000026 37.387286955000036, 36.86904345100004 37.38562180200006, 36.86963397900007 37.38545122600004, 36.86951200800007 37.38511520000003, 36.871465199000056 37.38452088500003, 36.87032932100004 37.38242115800006, 36.868808682000065 37.382937413000036, 36.86949714200006 37.38395130600003, 36.86760449600007 37.384518067000045, 36.86731744200006 37.38410275800004, 36.86543321000005 37.38479362900006, 36.865959787000065 37.385613859000046, 36.86757445300003 37.385156566000035, 36.86874328700003 37.38747393600005, 36.869880849000026 37.387286955000036))",103844.2,major-damage,1.0,emsr648,AOI17
1,36.8641235,37.3849837,"POLYGON ((36.86372250800008 37.38319839700006, 36.86314869200004 37.38339431300005, 36.86339933900007 37.383828049000044, 36.86295271200004 37.38398212000004, 36.864396905000035 37.38658345700003, 36.86540830100006 37.38632512700008, 36.86372250800008 37.38319839700006))",33414.8,no-damage,1.0,emsr648,AOI17
1,36.8659980,37.3901636,"POLYGON ((36.86690575100005 37.389702139000065, 36.86524094400005 37.38958334700004, 36.86511242800003 37.39064522500007, 36.86674764600008 37.39073197600004, 36.86690575100005 37.389702139000065))",17106.5,no-damage,1.0,emsr648,AOI17
1,36.8676764,37.3915249,"POLYGON ((36.86833848300006 37.391752620000034, 36.86792439800007 37.39096781200004, 36.86700977300006 37.39139482300004, 36.86736870400006 37.392016494000075, 36.86833848300006 37.391752620000034))",7824.8,major-damage,1.0,emsr648,AOI17
1,36.8661951,37.3931884,"POLYGON ((36.866975799000045 37.393647540000075, 36.86700184600005 37.392992279000055, 36.86600322000004 37.39290271900006, 36.86600761300008 37.392747807000035, 36.86534996200004 37.39275381500005, 36.865391954000074 37.393380498000056, 36.86617656000004 37.393376782000075, 36.866170984000064 37.393573401000026, 36.866460870000026 37.393626324000024, 36.866975799000045 37.393647540000075))",10054.6,possibly-damaged,0.0,emsr648,AOI17
1,36.8641752,37.3931437,"POLYGON ((36.864969006000024 37.39327748000005, 36.864848961000064 37.392768611000065, 36.86324194100007 37.393055513000036, 36.86335177800004 37.39339728600004, 36.86393050400005 37.393276600000036, 36.86398331000004 37.39352196300007, 36.86456102100004 37.39343702300005, 36.864572717000044 37.39328820500003, 36.864969006000024 37.39327748000005))",7595.9,possibly-damaged,0.0,emsr648,AOI17
1,36.8650064,37.3950297,"POLYGON ((36.86530174200004 37.394664101000046, 36.86464958700003 37.394475870000065, 36.86446905200006 37.39493996500005, 36.865028351000035 37.395240975000036, 36.86522311300007 37.39575000200006, 36.865523720000056 37.39568866600007, 36.865181335000045 37.394905143000074, 36.86530174200004 37.394664101000046))",5591.6,no-damage,1.0,emsr648,AOI17
1,36.8697693,37.3951619,"POLYGON ((36.87030607400004 37.39546018400006, 36.86991571100003 37.39468057900007, 36.86924232300004 37.394872314000054, 36.86960192200007 37.39562990600007, 36.87030607400004 37.39546018400006))",5869.1,possibly-damaged,0.0,emsr648,AOI17
1,36.8673371,37.3971055,"POLYGON ((36.867367589000025 37.39745069500003, 36.867530490000036 37.397186573000056, 36.86776160000005 37.39725750800005, 36.867924499000026 37.39699338500003, 36.867256015000066 37.39674764600005, 36.86710465800007 37.39702628300006, 36.86692053300004 37.39698480800007, 36.86676347000008 37.39725380400006, 36.867367589000025 37.39745069500003))",4131.4,possibly-damaged,0.0,emsr648,AOI17
1,36.8543073,37.3961115,"POLYGON ((36.85387213200005 37.39643932800004, 36.85395251700004 37.39634540900005, 36.85419603400004 37.39639990400008, 36.85431627100007 37.39627094100007, 36.85462557400007 37.39632424500007, 36.85466420600005 37.396227183000065, 36.854950563000045 37.39624668700003, 36.85499001300008 37.39601611000006, 36.85442096700007 37.39595332300007, 36.85441167600004 37.395650326000066, 36.85417881800004 37.395641330000046, 36.854142825000054 37.39596019500004, 36.853992849000065 37.39618876600008, 36.85376155300003 37.39612495400007, 36.85356717600007 37.396338411000045, 36.85387213200005 37.39643932800004))",4566.6,no-damage,1.0,emsr648,AOI17
1,36.8516439,37.3702025,"POLYGON ((36.85197055100008 37.37091810000004, 36.852877540000065 37.37033368800007, 36.85203984000003 37.369536362000076, 36.85105807200006 37.37001926000005, 36.850624036000056 37.36952493700005, 36.85027995000007 37.36964744200003, 36.850838027000066 37.37040154600004, 36.851083678000066 37.37079706600008, 36.851579385000036 37.370596241000044, 36.85197055100008 37.37091810000004))",18522.5,major-damage,1.0,emsr648,AOI17
1,36.8440880,37.3727884,"POLYGON ((36.84497344500005 37.37274785400007, 36.844599893000066 37.37233329900005, 36.84428266100008 37.37245627600004, 36.84408805500004 37.37220951100005, 36.843279077000034 37.37260250000003, 36.84383804200007 37.37342818600007, 36.844658724000055 37.373096211000075, 36.844534862000046 37.372882926000045, 36.84497344500005 37.37274785400007))",10992.0,no-damage,1.0,emsr648,AOI17
1,36.8399393,37.3720773,"POLYGON ((36.84029971100006 37.37210244900007, 36.839949474000036 37.37181349000008, 36.839620715000024 37.372025662000055, 36.83985346600008 37.372348242000044, 36.84029971100006 37.37210244900007))",1821.1,no-damage,1.0,emsr648,AOI17
1,36.8402712,37.3713771,"POLYGON ((36.84060185300007 37.37109933700003, 36.84032215800005 37.37085101100007, 36.83965223700005 37.37123936200004, 36.840368469000055 37.37189268000003, 36.84084585900007 37.37165460700004, 36.84044221200003 37.37119656800007, 36.84060185300007 37.37109933700003))",5930.8,no-damage,1.0,emsr648,AOI17
1,36.8361304,37.3692020,"POLYGON ((36.83678347400007 37.36933595700003, 36.836492778000036 37.36892527700007, 36.83593175300007 37.369084902000054, 36.83577360000004 37.36887038500004, 36.83534033700005 37.369002540000054, 36.83549814600008 37.369228974000066, 36.83581000000004 37.36916314900003, 36.836144628000056 37.369604441000035, 36.83678347400007 37.36933595700003))",4900.9,no-damage,1.0,emsr648,AOI17
1,36.8348155,37.3747248,"POLYGON ((36.83444345000004 37.37560749000005, 36.83483645100006 37.375188465000065, 36.83493247700005 37.375225991000036, 36.83531213300006 37.37488123400004, 36.83597710600003 37.37448506900006, 36.83559766500008 37.37404295600004, 36.83521719400005 37.37428635900005, 36.83489274800007 37.374399641000025, 36.83496986500006 37.37470507300003, 36.83481433500003 37.374788661000025, 36.834550286000024 37.374619892000055, 36.83472018300006 37.37442628600007, 36.83440601800004 37.37418208400004, 36.83425069800006 37.37412856900005, 36.83416814900005 37.37414195900004, 36.83407684900004 37.37419989800003, 36.83402905600008 37.374303343000065, 36.83396869300003 37.374454247000074, 36.83410943500007 37.374754884000026, 36.834237838000035 37.37548450000003, 36.83444345000004 37.37560749000005))",14159.4,no-damage,1.0,emsr648,AOI17
1,36.8362376,37.3754120,"POLYGON ((36.83667286600007 37.37582476100005, 36.83644324200003 37.37536750900006, 36.83681792900006 37.37519553100003, 36.83666959000004 37.37502888400007, 36.836330469000075 37.37513295900004, 36.83617312500007 37.37501979700005, 36.835820356000056 37.37507891300004, 36.83590828200005 37.37526829900003, 36.835640511000065 37.37535877600004, 36.835774737000065 37.37562650600006, 36.836090951000074 37.37553989600008, 36.836277833000054 37.37592483200007, 36.83667286600007 37.37582476100005))",5499.3,no-damage,1.0,emsr648,AOI17
1,36.8348181,37.3759270,"POLYGON ((36.83553410700006 37.37542240100004, 36.83535471000005 37.37529691200007, 36.834355334000065 37.37615191900005, 36.83394536600008 37.37625170900003, 36.83403938300006 37.37648889800005, 36.83495040300005 37.376109169000074, 36.83538987600008 37.37576252700006, 36.83529895300006 37.37567740600008, 36.83553410700006 37.37542240100004))",4976.7,no-damage,1.0,emsr648,AOI17
1,36.8360335,37.3763688,"POLYGON ((36.836636620000036 37.376566264000076, 36.836424289000036 37.37615701800007, 36.83621370700007 37.37620681400006, 36.83604862200008 37.375843141000075, 36.835592492000046 37.375989781000044, 36.83583125600006 37.37651873600004, 36.835506373000044 37.37664691400005, 36.835586920000026 37.376833185000066, 36.836636620000036 37.376566264000076))",5744.8,no-damage,1.0,emsr648,AOI17
1,36.8366456,37.3769404,"POLYGON ((36.836879047000025 37.37711535200003, 36.836726713000076 37.37669766700003, 36.83641373900008 37.37677539600003, 36.83655765900005 37.377173852000055, 36.836879047000025 37.37711535200003))",1371.6,no-damage,1.0,emsr648,AOI17
1,36.8371186,37.3767237,"POLYGON ((36.83745314300006 37.37668472900003, 36.837420662000056 37.376567296000076, 36.83684509700004 37.37663306800005, 36.83695348400005 37.376916419000054, 36.83722939100005 37.37688093100007, 36.83719786800003 37.37673013300008, 36.83745314300006 37.37668472900003))",1192.9,no-damage,1.0,emsr648,AOI17
1,36.8514712,37.3747904,"POLYGON ((36.85141780300006 37.374900525000044, 36.85155634300003 37.37488814000005, 36.85159213400004 37.37507358700003, 36.85199706800006 37.37501835300003, 36.85191870600005 37.37449234400003, 36.85094536300005 37.37457301300003, 36.851027197000064 37.37510802700007, 36.851435439000056 37.37506775800006, 36.85141780300006 37.374900525000044))",4919.9,no-damage,1.0,emsr648,AOI17
1,36.8492869,37.3750702,"POLYGON ((36.85001880500005 37.37523872200006, 36.849937553000075 37.37494514600007, 36.84960388300004 37.37498974700003, 36.84956988400006 37.37474173900006, 36.848704704000056 37.374827337000056, 36.84878210800008 37.37538611700006, 36.85001880500005 37.37523872200006))",5790.5,no-damage,1.0,emsr648,AOI17
1,36.8505186,37.3749117,"POLYGON ((36.85072033700004 37.375129274000074, 36.850638081000056 37.37460915500003, 36.850413005000064 37.374643810000066, 36.85030115100005 37.37516040000003, 36.85072033700004 37.375129274000074))",1636.8,no-damage,1.0,emsr648,AOI17
1,36.8504828,37.3742188,"POLYGON ((36.85102257900007 37.37435385300006, 36.85095354300006 37.374024732000066, 36.849954758000024 37.37408108600005, 36.85000130700007 37.37441277900007, 36.85102257900007 37.37435385300006))",3313.6,no-damage,1.0,emsr648,AOI17
1,36.8537152,37.3743170,"POLYGON ((36.85424807000004 37.37458094700003, 36.854283301000066 37.37428829500004, 36.85354359000007 37.374296327000025, 36.853600001000075 37.373889605000045, 36.85325437600005 37.37390836700007, 36.853267294000034 37.374241236000046, 36.85341511400003 37.374243920000026, 36.85346386800006 37.37457744000005, 36.85424807000004 37.37458094700003))",3443.8,no-damage,1.0,emsr648,AOI17
1,36.8571363,37.3722385,"POLYGON ((36.85781098100006 37.372456612000065, 36.85674530800003 37.37179348700005, 36.85645619500008 37.37203146200005, 36.85756238600004 37.37268817000006, 36.85781098100006 37.372456612000065))",4250.7,no-damage,1.0,emsr648,AOI17
1,36.8709208,37.3923847,"POLYGON ((36.87078768400005 37.39289923000007, 36.87120600600008 37.39283574700005, 36.87178711400003 37.393021117000046, 36.87247361800007 37.39284033300004, 36.87200637300003 37.39160868400006, 36.86920433500006 37.39209471100003, 36.86970921400007 37.393062891000056, 36.87078768400005 37.39289923000007))",31474.0,possibly-damaged,0.0,emsr648,AOI17
1,36.8712596,37.3934374,"POLYGON ((36.87178711400003 37.393021117000046, 36.87120600600008 37.39283574700005, 36.87078768400005 37.39289923000007, 36.87081121600005 37.39395530200005, 36.87164840200006 37.39405823200008, 36.87178711400003 37.393021117000046))",10072.2,destroyed,1.0,emsr648,AOI17
1,36.8709205,37.3901736,"POLYGON ((36.86974218300003 37.39067330200004, 36.87118779800005 37.39052477900003, 36.872039562000055 37.390714837000075, 36.872033155000054 37.389683423000065, 36.86977538600007 37.38978939900005, 36.86974218300003 37.39067330200004))",19462.1,major-damage,1.0,emsr648,AOI17
1,36.8680519,37.3884596,"POLYGON ((36.86676410600006 37.387600305000035, 36.86805893700006 37.387662152000075, 36.86804023500008 37.38832231500004, 36.867135544000064 37.38828421300008, 36.86791660700004 37.38972229800004, 36.86922606600007 37.38972639800005, 36.869169697000075 37.38876205200006, 36.86829834200006 37.38871772700003, 36.86844967900004 37.38759498300004, 36.867944254000065 37.38687052300003, 36.86658233600008 37.38726561800007, 36.86676410600006 37.387600305000035))",30987.7,major-damage,1.0,emsr648,AOI17
1,36.8653358,37.3823605,"POLYGON ((36.865628370000024 37.38255569100005, 36.86536187300004 37.38205366300008, 36.86507293000005 37.38212713300004, 36.865263335000066 37.38266208400006, 36.865628370000024 37.38255569100005))",1868.5,destroyed,1.0,emsr648,AOI17
1,36.8627897,37.3825573,"POLYGON ((36.86314869200004 37.38339431300005, 36.86372250800008 37.38319839700006, 36.86285339800003 37.38158630800007, 36.861876273000064 37.38190246500005, 36.86265644700006 37.38347125400003, 36.86314869200004 37.38339431300005))",18616.0,major-damage,1.0,emsr648,AOI17
1,36.8524579,37.3908740,"POLYGON ((36.85280744000005 37.39065605500008, 36.852468904000034 37.39051153400004, 36.85213195100005 37.39109821100004, 36.85239661900005 37.391258607000054, 36.85280744000005 37.39065605500008))",2323.0,possibly-damaged,0.0,emsr648,AOI17
1,36.8603038,37.3917160,"POLYGON ((36.86107105600007 37.39264386200006, 36.86133702700005 37.39221005700006, 36.86113768700005 37.39211768400003, 36.860500321000075 37.391822330000025, 36.860696037000025 37.391529125000034, 36.86044578800005 37.391396429000054, 36.860520370000074 37.391269614000066, 36.86032791300005 37.39120651800005, 36.860498463000056 37.39098904200006, 36.86018067100008 37.39086704600004, 36.86001020500004 37.39108154300004, 36.85978168300005 37.39097308400005, 36.85951384100008 37.39136408200005, 36.859336047000056 37.391589647000046, 36.86062933200003 37.392245838000065, 36.86063547200007 37.392249185000026, 36.86064132300004 37.392252848000055, 36.86064858700007 37.39225815800006, 36.86065524300005 37.392263953000054, 36.86066124000007 37.392270189000044, 36.86066653300003 37.392276819000074, 36.86067108200007 37.39228379100007, 36.860674852000045 37.392291053000065, 36.86067781500003 37.39229855000008, 36.86067994700005 37.39230622400004, 36.86068123300004 37.39231401700005, 36.86068166300004 37.392321870000046, 36.86068123300004 37.392329723000046, 36.86067994700005 37.392337516000055, 36.86067781500003 37.39234519000007, 36.860674852000045 37.39235268700003, 36.86067108200007 37.392359949000024, 36.86066653300003 37.392366921000075, 36.86066124000007 37.39237355000006, 36.86065524300005 37.39237978700004, 36.86064858700007 37.39238558200003, 36.86064132400003 37.39239089200004, 36.860633508000035 37.392395677000025, 36.860625199000026 37.39239990100003, 36.860616460000074 37.392403530000024, 36.86060735900003 37.392406538000046, 36.86059796300003 37.39240890200006, 36.86058834500005 37.39241060300003, 36.86057857700007 37.39241162900004, 36.86056873500007 37.39241197200005, 36.860558893000075 37.39241162900004, 36.860549125000034 37.39241060300003, 36.860539507000055 37.39240890200006, 36.860539000000074 37.392408775000035, 36.86053011100006 37.392406538000046, 36.86049226200004 37.392439832000036, 36.86106913700007 37.39264699200004, 36.86107105600007 37.39264386200006))",12912.1,no-damage,1.0,emsr648,AOI17
1,36.8665590,37.3890814,"POLYGON ((36.86667200100004 37.38855119900006, 36.86621840500004 37.388528704000066, 36.866060393000055 37.389394768000045, 36.86693090700004 37.38953827600005, 36.86720516100007 37.38956230100007, 36.86667200100004 37.38855119900006))",7288.3,major-damage,1.0,emsr648,AOI17
1,36.8651346,37.3762449,"POLYGON ((36.865791788000024 37.37656240000007, 36.86473933700006 37.375744594000025, 36.864472455000055 37.37593649200005, 36.86556223500003 37.37675497500004, 36.865791788000024 37.37656240000007))",4020.7,no-damage,1.0,emsr648,AOI17
1,36.8724700,37.3873230,"POLYGON ((36.87269472400004 37.38709412800006, 36.87203406200007 37.38707627500003, 36.87233549100006 37.38764503400006, 36.872900995000066 37.38746147300003, 36.87269472400004 37.38709412800006))",3027.3,no-damage,1.0,emsr648,AOI17
1,36.8647291,37.3872689,"POLYGON ((36.86482790400004 37.38742530600007, 36.865709587000026 37.387289219000024, 36.86564269000007 37.387013796000076, 36.86374644400007 37.38722991100008, 36.86377988900006 37.387367623000046, 36.86380143800005 37.387507897000035, 36.86482790400004 37.38742530600007))",5624.0,possibly-damaged,0.0,emsr648,AOI17
1,36.8523903,37.3865780,"POLYGON ((36.85294286300007 37.386890476000076, 36.853066959000046 37.38630578600004, 36.85306509000003 37.386308651000036, 36.85305979800006 37.386315281000066, 36.853053801000044 37.386321517000056, 36.85304714600005 37.38632731200005, 36.853039883000065 37.386332622000054, 36.85303206700007 37.38633740800003, 36.85302375900005 37.38634163100005, 36.85301502200008 37.38634526000004, 36.853005920000044 37.38634826900005, 36.85299652600003 37.386350632000074, 36.85298690800005 37.38635233300005, 36.85297714200004 37.386353359000054, 36.852967300000046 37.386353702000065, 36.85295745800005 37.386353359000054, 36.85294769200004 37.38635233300005, 36.85294444600004 37.38635183800005, 36.851770987000066 37.38615831200008, 36.85192630500006 37.38689085400006, 36.85192643400006 37.38689147000008, 36.85192667900003 37.38689265700003, 36.85193922600007 37.38695705600003, 36.85294286300007 37.386890476000076))",7406.6,no-damage,1.0,emsr648,AOI17
1,36.8743571,37.3979165,"POLYGON ((36.873924687000056 37.39747489700005, 36.87392392000004 37.39763017000007, 36.87442254600006 37.39862679500004, 36.874650375000044 37.39856035300005, 36.874654236000026 37.39772888500005, 36.874440985000035 37.39733950900006, 36.873924687000056 37.39747489700005))",5951.8,no-damage,1.0,emsr648,AOI17
1,36.8728089,37.3972172,"POLYGON ((36.87392392000004 37.39763017000007, 36.873924687000056 37.39747489700005, 36.873406395000075 37.39672239400005, 36.87222872600006 37.396515210000075, 36.871671830000025 37.39666077500004, 36.87247927900006 37.39801240300005, 36.87392392000004 37.39763017000007))",20500.5,major-damage,1.0,emsr648,AOI17
1,36.8614355,37.3925340,"POLYGON ((36.86108033800008 37.39264719500005, 36.86082046100006 37.393048333000024, 36.860926876000065 37.393102774000056, 36.86126716500007 37.39322219400003, 36.86205983600007 37.391993773000024, 36.86167773600005 37.39184367300004, 36.861348228000054 37.39221026000007, 36.86108033800008 37.39264719500005))",6673.5,major-damage,1.0,emsr648,AOI17
1,36.8504338,37.3920779,"POLYGON ((36.85090287300005 37.39217978700003, 36.85026222600004 37.39171656600007, 36.849938517000055 37.39199065100007, 36.85054251400004 37.39235761500004, 36.850546689000055 37.39236027800007, 36.850553269000045 37.392365047000055, 36.850559358000055 37.39237021500003, 36.850654562000045 37.392457670000056, 36.85090287300005 37.39217978700003))",3051.3,major-damage,1.0,emsr648,AOI17
1,36.8531073,37.3921738,"POLYGON ((36.85331742200003 37.39209763000008, 36.85308093800006 37.39197477400006, 36.85288789400005 37.39226450500007, 36.85315536000007 37.392359019000025, 36.85331742200003 37.39209763000008))",872.1,possibly-damaged,0.0,emsr648,AOI17
1,36.8521779,37.3903863,"POLYGON ((36.85258054600007 37.389884589000076, 36.852380382000035 37.389816447000044, 36.851894756000036 37.39070656800004, 36.85175262200005 37.390823254000054, 36.85194186700005 37.390974956000036, 36.85195083700006 37.39098099300003, 36.85258054600007 37.389884589000076))",2414.7,possibly-damaged,0.0,emsr648,AOI17
1,36.8674937,37.3879474,"POLYGON ((36.86676410600006 37.387600305000035, 36.867135544000064 37.38828421300008, 36.86804023500008 37.38832231500004, 36.86805893700006 37.387662152000075, 36.86676410600006 37.387600305000035))",7178.0,destroyed,1.0,emsr648,AOI17
1,36.8544208,37.3883531,"POLYGON ((36.854185881000035 37.38847849600006, 36.854560321000065 37.38856696300007, 36.854559094000024 37.38856254600006, 36.85455780800004 37.38855475300005, 36.85455737800004 37.38854690000005, 36.85455780800004 37.38853904700005, 36.854559094000024 37.38853125400004, 36.85456209900008 37.388521119000075, 36.854666258000066 37.38824279800008, 36.854287585000066 37.38813484100007, 36.854185881000035 37.38847849600006))",1314.0,major-damage,1.0,emsr648,AOI17
1,36.8506440,37.3873066,"POLYGON ((36.85062539100005 37.38716228000004, 36.850469721000024 37.38733910700006, 36.85063409300005 37.38744673100007, 36.85083286200006 37.38728820100005, 36.85062539100005 37.38716228000004))",509.9,possibly-damaged,0.0,emsr648,AOI17
1,36.8499774,37.3881767,"POLYGON ((36.850205919000075 37.38819762700007, 36.849876840000036 37.38801255800007, 36.84975112500007 37.38815535500004, 36.85007320300008 37.38834059800007, 36.850205919000075 37.38819762700007))",692.4,possibly-damaged,0.0,emsr648,AOI17
1,36.8643870,37.3876504,"POLYGON ((36.86482790400004 37.38742530600007, 36.86380143800005 37.387507897000035, 36.86382718200008 37.38767547900005, 36.864014111000074 37.38766991500006, 36.864042048000044 37.38787012000006, 36.86484958800003 37.38784596200003, 36.86482790400004 37.38742530600007))",3564.7,destroyed,1.0,emsr648,AOI17
1,36.8710533,37.3894476,"POLYGON ((36.87178199600004 37.38835078200003, 36.86922266500005 37.388424325000074, 36.869317385000045 37.388612108000075, 36.869584495000026 37.38973285900005, 36.86922606600007 37.38972639800005, 36.86791660700004 37.38972229800004, 36.86850232200004 37.39080067100008, 36.86974218300003 37.39067330200004, 36.86977538600007 37.38978939900005, 36.872033155000054 37.389683423000065, 36.872039562000055 37.390714837000075, 36.872815210000056 37.390887905000056, 36.872860573000025 37.38970602000006, 36.87404410000005 37.38927903100006, 36.87358963300005 37.38844105600003, 36.87209440300006 37.388900582000076, 36.87178199600004 37.38835078200003))",75421.5,major-damage,1.0,emsr648,AOI17
1,36.8702586,37.3878392,"POLYGON ((36.87178199600004 37.38835078200003, 36.87109237400006 37.38713709900003, 36.869880849000026 37.387286955000036, 36.86874328700003 37.38747393600005, 36.86922266500005 37.388424325000074, 36.87178199600004 37.38835078200003))",27556.6,destroyed,1.0,emsr648,AOI17
1,36.8488773,37.3849317,"POLYGON ((36.84884886400005 37.38477413100003, 36.848685928000066 37.38498479500004, 36.848893704000034 37.38509091700007, 36.84907507400004 37.38488010200007, 36.84884886400005 37.38477413100003))",629.0,possibly-damaged,0.0,emsr648,AOI17
1,36.8485899,37.3832684,"POLYGON ((36.849049423000054 37.38310177000005, 36.84889342100007 37.38293190700006, 36.84811113200004 37.383475418000046, 36.848247969000056 37.38360366300003, 36.849049423000054 37.38310177000005))",1912.6,major-damage,1.0,emsr648,AOI17
1,36.8486616,37.3815815,"POLYGON ((36.84865271700005 37.38177026400007, 36.848613138000076 37.381705632000035, 36.84895746400008 37.38153672000004, 36.849056983000025 37.38140023100004, 36.84875963400003 37.38124459800008, 36.848306068000056 37.38177494000007, 36.848437388000036 37.38195777100003, 36.84862531300007 37.38186688600007, 36.848576653000066 37.38179208100007, 36.84865271700005 37.38177026400007))",2049.6,major-damage,1.0,emsr648,AOI17
1,36.8700693,37.3812230,"POLYGON ((36.870396320000054 37.38145754300007, 36.86998373800003 37.380937446000075, 36.869778359000065 37.38101481800004, 36.87008259400005 37.381456660000026, 36.870396320000054 37.38145754300007))",1361.9,major-damage,1.0,emsr648,AOI17
1,36.8610781,37.3806847,"POLYGON ((36.861193972000024 37.38081395200004, 36.861189540000055 37.380530891000035, 36.86091759400006 37.38058059200006, 36.86102188600006 37.38085371400007, 36.861193972000024 37.38081395200004))",630.8,destroyed,1.0,emsr648,AOI17
1,36.8527145,37.3802995,"POLYGON ((36.85312049500004 37.380370576000075, 36.85295062800003 37.37998012400004, 36.852436229000034 37.38002111700007, 36.852424652000025 37.380650708000076, 36.85250743800003 37.38069928500005, 36.852569335000055 37.38066610800007, 36.85312049500004 37.380370576000075))",3439.0,major-damage,1.0,emsr648,AOI17
1,36.8548264,37.3802143,"POLYGON ((36.855077219000066 37.380246818000046, 36.85487447000003 37.37999597600003, 36.85456231000006 37.38015007000007, 36.85479501700007 37.380445149000025, 36.855027078000035 37.38029834800005, 36.855077219000066 37.380246818000046))",1197.2,major-damage,1.0,emsr648,AOI17
1,36.8613024,37.3794670,"POLYGON ((36.861676534000026 37.379542678000064, 36.86141895900005 37.37919848000007, 36.860920659000044 37.37942119500008, 36.86118111300004 37.37971919900008, 36.861676534000026 37.379542678000064))",2076.6,possibly-damaged,0.0,emsr648,AOI17
1,36.8410483,37.3769799,"POLYGON ((36.84157681000005 37.37722589900005, 36.841271074000076 37.37671265900008, 36.841039468000076 37.37633759300007, 36.84074509000004 37.376444581000044, 36.84092270300005 37.37681503300007, 36.84055196600008 37.37692748500007, 36.84088163600006 37.377517702000034, 36.84157681000005 37.37722589900005))",6021.0,major-damage,1.0,emsr648,AOI17
1,36.8421021,37.3770107,"POLYGON ((36.84267532900003 37.37725040000004, 36.84254188400007 37.37706251000003, 36.842187858000045 37.376564038000026, 36.84156333200008 37.37678355600008, 36.84194827700003 37.37742975800006, 36.84267532900003 37.37725040000004))",5281.8,major-damage,1.0,emsr648,AOI17
1,36.8409577,37.3749217,"POLYGON ((36.842187858000045 37.376564038000026, 36.84282292900008 37.37617073400003, 36.84235281200006 37.37555096400007, 36.84195303000007 37.375686735000045, 36.84176136200006 37.375337487000024, 36.84136277600004 37.37543155000003, 36.840660015000026 37.374411276000046, 36.84093082700008 37.374344688000065, 36.839849110000046 37.37260183700005, 36.839249350000046 37.37291815900005, 36.83979902300007 37.37387762000003, 36.83979937600003 37.37387823300003, 36.840145094000036 37.374481642000035, 36.84072247200004 37.37541656900004, 36.84147397400005 37.37663357100007, 36.841474668000046 37.37663471500008, 36.84156333200008 37.37678355600008, 36.842187858000045 37.376564038000026))",35598.9,no-damage,1.0,emsr648,AOI17
1,36.8403825,37.3759634,"POLYGON ((36.840822778000074 37.37598667900005, 36.84057943200003 37.37559259300008, 36.840192767000076 37.375818939000055, 36.839937434000035 37.37597819800004, 36.84016982400004 37.37631782900007, 36.840822778000074 37.37598667900005))",3191.9,major-damage,1.0,emsr648,AOI17
1,36.8399738,37.3754667,"POLYGON ((36.84029742800004 37.37513594500007, 36.83949622200004 37.37537816400004, 36.839744041000074 37.37587010900006, 36.840055075000066 37.37567610800005, 36.84005782300005 37.37567444700005, 36.84047806600006 37.37542844500007, 36.84029742800004 37.37513594500007))",3655.3,destroyed,1.0,emsr648,AOI17
1,36.8577101,37.3736584,"POLYGON ((36.85760519300004 37.37331386200003, 36.85727843300003 37.37369388400003, 36.85781460800007 37.37399174300003, 36.858147158000065 37.373644865000074, 36.85760519300004 37.37331386200003))",2945.2,destroyed,1.0,emsr648,AOI17
1,36.8658893,37.3821556,"POLYGON ((36.865341976000025 37.38197774500003, 36.86536187300004 37.38205366300008, 36.865628370000024 37.38255569100005, 36.86646199100005 37.38231271700005, 36.86614588200007 37.38176334900004, 36.865341976000025 37.38197774500003))",5264.1,major-damage,1.0,emsr648,AOI17
